Using pre-set license
Built from '2022.3/staging' branch; Version is '2022.3.58f1 (ed7f6eacb62e) revision 15564654'; Using compiler version '192829333'; Build Type 'Release'
OS: 'Windows 11  (10.0.26100) 64bit Professional' Language: 'en' Physical Memory: 32635 MB
BatchMode: 1, IsHumanControllingUs: 0, StartBugReporterOnCrash: 0, Is64bit: 1, IsPro: 1

COMMAND LINE ARGUMENTS:
C:\Program Files\Unity\Hub\Editor\2022.3.58f1\Editor\Unity.exe
-adb2
-batchMode
-noUpm
-name
AssetImportWorker0
-projectPath
C:/Usman/HyperCasualGame
-logFile
Logs/AssetImportWorker0.log
-srvPort
58439
Successfully changed project path to: C:/Usman/HyperCasualGame
C:/Usman/HyperCasualGame
[UnityMemory] Configuration Parameters - Can be set up in boot.config
    "memorysetup-bucket-allocator-granularity=16"
    "memorysetup-bucket-allocator-bucket-count=8"
    "memorysetup-bucket-allocator-block-size=33554432"
    "memorysetup-bucket-allocator-block-count=8"
    "memorysetup-main-allocator-block-size=16777216"
    "memorysetup-thread-allocator-block-size=16777216"
    "memorysetup-gfx-main-allocator-block-size=16777216"
    "memorysetup-gfx-thread-allocator-block-size=16777216"
    "memorysetup-cache-allocator-block-size=4194304"
    "memorysetup-typetree-allocator-block-size=2097152"
    "memorysetup-profiler-bucket-allocator-granularity=16"
    "memorysetup-profiler-bucket-allocator-bucket-count=8"
    "memorysetup-profiler-bucket-allocator-block-size=33554432"
    "memorysetup-profiler-bucket-allocator-block-count=8"
    "memorysetup-profiler-allocator-block-size=16777216"
    "memorysetup-profiler-editor-allocator-block-size=1048576"
    "memorysetup-temp-allocator-size-main=16777216"
    "memorysetup-job-temp-allocator-block-size=2097152"
    "memorysetup-job-temp-allocator-block-size-background=1048576"
    "memorysetup-job-temp-allocator-reduction-small-platforms=262144"
    "memorysetup-allocator-temp-initial-block-size-main=262144"
    "memorysetup-allocator-temp-initial-block-size-worker=262144"
    "memorysetup-temp-allocator-size-background-worker=32768"
    "memorysetup-temp-allocator-size-job-worker=262144"
    "memorysetup-temp-allocator-size-preload-manager=33554432"
    "memorysetup-temp-allocator-size-nav-mesh-worker=65536"
    "memorysetup-temp-allocator-size-audio-worker=65536"
    "memorysetup-temp-allocator-size-cloud-worker=32768"
    "memorysetup-temp-allocator-size-gi-baking-worker=262144"
    "memorysetup-temp-allocator-size-gfx=262144"
Player connection [18984]  Target information:

Player connection [18984]  * "[IP] 192.168.100.79 [Port] 0 [Flags] 2 [Guid] 2769404900 [EditorId] 2769404900 [Version] 1048832 [Id] WindowsEditor(7,ElytraPC1) [Debug] 1 [PackageName] WindowsEditor [ProjectName] Editor" 

Player connection [18984] Host joined multi-casting on [225.0.0.222:54997]...
Player connection [18984] Host joined alternative multi-casting on [225.0.0.222:34997]...
Input System module state changed to: Initialized.
[PhysX] Initialized MultithreadedTaskDispatcher with 16 workers.
Refreshing native plugins compatible for Editor in 11.93 ms, found 3 plugins.
Preloading 0 native plugins for Editor in 0.00 ms.
Initialize engine version: 2022.3.58f1 (ed7f6eacb62e)
[Subsystems] Discovering subsystems at path C:/Program Files/Unity/Hub/Editor/2022.3.58f1/Editor/Data/Resources/UnitySubsystems
[Subsystems] Discovering subsystems at path C:/Usman/HyperCasualGame/Assets
GfxDevice: creating device client; threaded=0; jobified=0
Direct3D:
    Version:  Direct3D 11.0 [level 11.1]
    Renderer: NVIDIA GeForce RTX 3060 (ID=0x2504)
    Vendor:   NVIDIA
    VRAM:     12115 MB
    Driver:   32.0.15.7283
Shader 'WFX/Transparent Diffuse': fallback shader 'Particles/Alpha Blended' not found
Shader 'WFX/Transparent Specular': fallback shader 'Particles/Alpha Blended' not found
Initialize mono
Mono path[0] = 'C:/Program Files/Unity/Hub/Editor/2022.3.58f1/Editor/Data/Managed'
Mono path[1] = 'C:/Program Files/Unity/Hub/Editor/2022.3.58f1/Editor/Data/MonoBleedingEdge/lib/mono/unityjit-win32'
Mono config path = 'C:/Program Files/Unity/Hub/Editor/2022.3.58f1/Editor/Data/MonoBleedingEdge/etc'
Using monoOptions --debugger-agent=transport=dt_socket,embedding=1,server=y,suspend=n,address=127.0.0.1:56348
Begin MonoManager ReloadAssembly
Registering precompiled unity dll's ...
Register platform support module: C:/Program Files/Unity/Hub/Editor/2022.3.58f1/Editor/Data/PlaybackEngines/WebGLSupport/UnityEditor.WebGL.Extensions.dll
Register platform support module: C:/Program Files/Unity/Hub/Editor/2022.3.58f1/Editor/Data/PlaybackEngines/AndroidPlayer/UnityEditor.Android.Extensions.dll
Register platform support module: C:/Program Files/Unity/Hub/Editor/2022.3.58f1/Editor/Data/PlaybackEngines/WindowsStandaloneSupport/UnityEditor.WindowsStandalone.Extensions.dll
Registered in 0.008861 seconds.
- Loaded All Assemblies, in  0.351 seconds
Native extension for WindowsStandalone target not found
Native extension for Android target not found
Android Extension - Scanning For ADB Devices 204 ms
Native extension for WebGL target not found
Mono: successfully reloaded assembly
- Finished resetting the current domain, in  0.497 seconds
Domain Reload Profiling: 846ms
	BeginReloadAssembly (98ms)
		ExecutionOrderSort (0ms)
		DisableScriptedObjects (0ms)
		BackupInstance (0ms)
		ReleaseScriptingObjects (0ms)
		CreateAndSetChildDomain (1ms)
	RebuildCommonClasses (37ms)
	RebuildNativeTypeToScriptingClass (10ms)
	initialDomainReloadingComplete (56ms)
	LoadAllAssembliesAndSetupDomain (147ms)
		LoadAssemblies (95ms)
		RebuildTransferFunctionScriptingTraits (0ms)
		AnalyzeDomain (145ms)
			TypeCache.Refresh (143ms)
				TypeCache.ScanAssembly (127ms)
			ScanForSourceGeneratedMonoScriptInfo (0ms)
			ResolveRequiredComponents (1ms)
	FinalizeReload (498ms)
		ReleaseScriptCaches (0ms)
		RebuildScriptCaches (0ms)
		SetupLoadedEditorAssemblies (448ms)
			LogAssemblyErrors (0ms)
			InitializePlatformSupportModulesInManaged (279ms)
			SetLoadedEditorAssemblies (4ms)
			RefreshPlugins (0ms)
			BeforeProcessingInitializeOnLoad (2ms)
			ProcessInitializeOnLoadAttributes (119ms)
			ProcessInitializeOnLoadMethodAttributes (43ms)
			AfterProcessingInitializeOnLoad (0ms)
			EditorAssembliesLoaded (0ms)
		ExecutionOrderSort2 (0ms)
		AwakeInstancesAfterBackupRestoration (0ms)
========================================================================
Worker process is ready to serve import requests
Caller must complete domain reload
Begin MonoManager ReloadAssembly
- Loaded All Assemblies, in  0.599 seconds
Native extension for WindowsStandalone target not found
Native extension for Android target not found
Native extension for WebGL target not found
Mono: successfully reloaded assembly
- Finished resetting the current domain, in  0.612 seconds
Domain Reload Profiling: 1208ms
	BeginReloadAssembly (135ms)
		ExecutionOrderSort (0ms)
		DisableScriptedObjects (6ms)
		BackupInstance (0ms)
		ReleaseScriptingObjects (0ms)
		CreateAndSetChildDomain (20ms)
	RebuildCommonClasses (35ms)
	RebuildNativeTypeToScriptingClass (10ms)
	initialDomainReloadingComplete (39ms)
	LoadAllAssembliesAndSetupDomain (375ms)
		LoadAssemblies (280ms)
		RebuildTransferFunctionScriptingTraits (0ms)
		AnalyzeDomain (172ms)
			TypeCache.Refresh (152ms)
				TypeCache.ScanAssembly (138ms)
			ScanForSourceGeneratedMonoScriptInfo (13ms)
			ResolveRequiredComponents (5ms)
	FinalizeReload (612ms)
		ReleaseScriptCaches (0ms)
		RebuildScriptCaches (0ms)
		SetupLoadedEditorAssemblies (471ms)
			LogAssemblyErrors (0ms)
			InitializePlatformSupportModulesInManaged (19ms)
			SetLoadedEditorAssemblies (4ms)
			RefreshPlugins (0ms)
			BeforeProcessingInitializeOnLoad (84ms)
			ProcessInitializeOnLoadAttributes (337ms)
			ProcessInitializeOnLoadMethodAttributes (19ms)
			AfterProcessingInitializeOnLoad (7ms)
			EditorAssembliesLoaded (0ms)
		ExecutionOrderSort2 (0ms)
		AwakeInstancesAfterBackupRestoration (5ms)
Shader 'WFX/Transparent Specular': fallback shader 'Particles/Alpha Blended' not found
Shader 'WFX/Transparent Diffuse': fallback shader 'Particles/Alpha Blended' not found
Launched and connected shader compiler UnityShaderCompiler.exe after 0.03 seconds
Refreshing native plugins compatible for Editor in 5.13 ms, found 3 plugins.
Preloading 0 native plugins for Editor in 0.00 ms.
Unloading 3157 Unused Serialized files (Serialized files now loaded: 0)
Unloading 19 unused Assets / (54.5 KB). Loaded Objects now: 3629.
Memory consumption went from 124.1 MB to 124.0 MB.
Total: 3.321100 ms (FindLiveObjects: 0.238800 ms CreateObjectMapping: 0.204100 ms MarkObjects: 2.793900 ms  DeleteObjects: 0.083500 ms)

AssetImportParameters requested are different than current active one (requested -> active):
  custom:container-demuxer-ogg: 62fdf1f143b41e24485cea50d1cbac27 -> 
  custom:video-codec-MediaFoundation-h265: 746d11721c4dcdbdad8f713fa42b33f4 -> 
  custom:video-decoder-ogg-theora: a1e56fd34408186e4bbccfd4996cb3dc -> 
  custom:framework-win-MediaFoundation: 216162199b28c13a410421893ffa2e32 -> 
  custom:CustomObjectIndexerAttribute: 9a22284fe3817be447336de3de66b15e -> 
  custom:container-demuxer-webm: 4f35f7cbe854078d1ac9338744f61a02 -> 
  custom:container-muxer-webm: aa71ff27fc2769a1b78a27578f13a17b -> 
  custom:video-decoder-webm-vp8: 9c59270c3fd7afecdb556c50c9e8de78 -> 
  custom:SearchIndexIgnoredProperties: e643bd26f0fe6173181afceb89e7c659 -> 
  custom:AudioImporter_EditorPlatform: d09bf68614088b80899f8185d706f6e7 -> 
  custom:video-encoder-webm-vp8: eb34c28f22e8b96e1ab97ce403110664 -> 
  custom:audio-decoder-ogg-vorbis: bf7c407c2cedff20999df2af8eb42d56 -> 
  custom:audio-encoder-webm-vorbis: bf7c407c2cedff20999df2af8eb42d56 -> 
========================================================================
Received Import Request.
  Time since last request: 340746.125092 seconds.
  path: Assets/JMO Assets/WarFX/_Effects (Mobile)/Fire/WFXMR_GazFireBig (Green).prefab
  artifactKey: Guid(80c0dbff78cd8674db70406cfc8b1519) Importer(815301076,1909f56bfc062723c751e8b465ee728b)
Start importing Assets/JMO Assets/WarFX/_Effects (Mobile)/Fire/WFXMR_GazFireBig (Green).prefab using Guid(80c0dbff78cd8674db70406cfc8b1519) Importer(815301076,1909f56bfc062723c751e8b465ee728b) [PhysX] Initialized MultithreadedTaskDispatcher with 16 workers.
[PhysX] Initialized MultithreadedTaskDispatcher with 16 workers.
 -> (artifact id: '4289691c80bd0e16c88d7ea8bdb1fd8a') in 0.096310 seconds
Number of updated asset objects reloaded before import = 0
Number of asset objects unloaded after import = 21
========================================================================
Received Import Request.
  Time since last request: 0.048934 seconds.
  path: Assets/JMO Assets/WarFX/Mobile/Materials/Flames/WFXM_M_FlameBig Add.mat
  artifactKey: Guid(4ad9452cd1004624f819e31cda3cdcce) Importer(815301076,1909f56bfc062723c751e8b465ee728b)
Start importing Assets/JMO Assets/WarFX/Mobile/Materials/Flames/WFXM_M_FlameBig Add.mat using Guid(4ad9452cd1004624f819e31cda3cdcce) Importer(815301076,1909f56bfc062723c751e8b465ee728b) [PhysX] Initialized MultithreadedTaskDispatcher with 16 workers.
[PhysX] Initialized MultithreadedTaskDispatcher with 16 workers.
 -> (artifact id: '66db094fce7201486adf4ce7e417d0f5') in 0.040686 seconds
Number of updated asset objects reloaded before import = 0
Number of asset objects unloaded after import = 2
========================================================================
Received Import Request.
  Time since last request: 0.065160 seconds.
  path: Assets/JMO Assets/WarFX/Mobile/Materials/Flames/WFXM_M_FlameBig Add.mat
  artifactKey: Guid(4ad9452cd1004624f819e31cda3cdcce) Importer(815301076,1909f56bfc062723c751e8b465ee728b)
Start importing Assets/JMO Assets/WarFX/Mobile/Materials/Flames/WFXM_M_FlameBig Add.mat using Guid(4ad9452cd1004624f819e31cda3cdcce) Importer(815301076,1909f56bfc062723c751e8b465ee728b) [PhysX] Initialized MultithreadedTaskDispatcher with 16 workers.
[PhysX] Initialized MultithreadedTaskDispatcher with 16 workers.
 -> (artifact id: '66db094fce7201486adf4ce7e417d0f5') in 0.006495 seconds
Number of updated asset objects reloaded before import = 0
Number of asset objects unloaded after import = 2
========================================================================
Received Import Request.
  Time since last request: 4.824788 seconds.
  path: Assets/JMO Assets/WarFX/_Effects (Mobile)/Fire/No Smoke/WFXMR_Fire Natural (No Smoke).prefab
  artifactKey: Guid(cb074760d265371429c786718a7ca5e8) Importer(815301076,1909f56bfc062723c751e8b465ee728b)
Start importing Assets/JMO Assets/WarFX/_Effects (Mobile)/Fire/No Smoke/WFXMR_Fire Natural (No Smoke).prefab using Guid(cb074760d265371429c786718a7ca5e8) Importer(815301076,1909f56bfc062723c751e8b465ee728b) [PhysX] Initialized MultithreadedTaskDispatcher with 16 workers.
[PhysX] Initialized MultithreadedTaskDispatcher with 16 workers.
 -> (artifact id: '04a6b37081f6480f6f7e8ad0bce84cd8') in 0.016444 seconds
Number of updated asset objects reloaded before import = 0
Number of asset objects unloaded after import = 15
========================================================================
Received Import Request.
  Time since last request: 0.042365 seconds.
  path: Assets/JMO Assets/WarFX/Mobile/Materials/Flames/WFXM_M_FlameSmall 4F Add.mat
  artifactKey: Guid(86b5f27ac71d7754fa5f0159ae8f0d92) Importer(815301076,1909f56bfc062723c751e8b465ee728b)
Start importing Assets/JMO Assets/WarFX/Mobile/Materials/Flames/WFXM_M_FlameSmall 4F Add.mat using Guid(86b5f27ac71d7754fa5f0159ae8f0d92) Importer(815301076,1909f56bfc062723c751e8b465ee728b) [PhysX] Initialized MultithreadedTaskDispatcher with 16 workers.
[PhysX] Initialized MultithreadedTaskDispatcher with 16 workers.
 -> (artifact id: 'b0f10f9cff0a177e0511a51561c08173') in 0.006520 seconds
Number of updated asset objects reloaded before import = 0
Number of asset objects unloaded after import = 2
========================================================================
Received Import Request.
  Time since last request: 12.938303 seconds.
  path: Assets/JMO Assets/WarFX/_Effects (Mobile)/MuzzleFlashes/4Planes
  artifactKey: Guid(b244af0493e9569458be5bfb1b5148fa) Importer(815301076,1909f56bfc062723c751e8b465ee728b)
Start importing Assets/JMO Assets/WarFX/_Effects (Mobile)/MuzzleFlashes/4Planes using Guid(b244af0493e9569458be5bfb1b5148fa) Importer(815301076,1909f56bfc062723c751e8b465ee728b) [PhysX] Initialized MultithreadedTaskDispatcher with 16 workers.
 -> (artifact id: 'd85029cbece0205955df66a0bf16d0c2') in 0.000540 seconds
Number of updated asset objects reloaded before import = 0
Number of asset objects unloaded after import = 0
========================================================================
Received Import Request.
  Time since last request: 1.747855 seconds.
  path: Assets/JMO Assets/WarFX/_Effects (Mobile)/MuzzleFlashes/4Planes/WFXMR_MF 4P RIFLE1.prefab
  artifactKey: Guid(5317fde2cd7d75a4d8888fd00df21599) Importer(815301076,1909f56bfc062723c751e8b465ee728b)
Start importing Assets/JMO Assets/WarFX/_Effects (Mobile)/MuzzleFlashes/4Planes/WFXMR_MF 4P RIFLE1.prefab using Guid(5317fde2cd7d75a4d8888fd00df21599) Importer(815301076,1909f56bfc062723c751e8b465ee728b) [PhysX] Initialized MultithreadedTaskDispatcher with 16 workers.
[PhysX] Initialized MultithreadedTaskDispatcher with 16 workers.
 -> (artifact id: '31c316932e37b89a3e9f9af9474ad3c4') in 0.010970 seconds
Number of updated asset objects reloaded before import = 0
Number of asset objects unloaded after import = 35
========================================================================
Received Import Request.
  Time since last request: 0.030821 seconds.
  path: Assets/JMO Assets/WarFX/Mesh/Plane1x1.FBX
  artifactKey: Guid(9d0862121c112ec4abc229920df08581) Importer(815301076,1909f56bfc062723c751e8b465ee728b)
Start importing Assets/JMO Assets/WarFX/Mesh/Plane1x1.FBX using Guid(9d0862121c112ec4abc229920df08581) Importer(815301076,1909f56bfc062723c751e8b465ee728b) [PhysX] Initialized MultithreadedTaskDispatcher with 16 workers.
[PhysX] Initialized MultithreadedTaskDispatcher with 16 workers.
[PhysX] Initialized MultithreadedTaskDispatcher with 16 workers.
 -> (artifact id: 'ba5efde00bc92816a7b8fea1ef3e89bf') in 0.029784 seconds
Number of updated asset objects reloaded before import = 0
Number of asset objects unloaded after import = 8
========================================================================
Received Import Request.
  Time since last request: 2.576066 seconds.
  path: Assets/JMO Assets/WarFX/_Effects (Mobile)/MuzzleFlashes/4Planes/WFXMR_MF 4P RIFLE2.prefab
  artifactKey: Guid(40949a480f6b7d54f99564ee2b469dae) Importer(815301076,1909f56bfc062723c751e8b465ee728b)
Start importing Assets/JMO Assets/WarFX/_Effects (Mobile)/MuzzleFlashes/4Planes/WFXMR_MF 4P RIFLE2.prefab using Guid(40949a480f6b7d54f99564ee2b469dae) Importer(815301076,1909f56bfc062723c751e8b465ee728b) [PhysX] Initialized MultithreadedTaskDispatcher with 16 workers.
[PhysX] Initialized MultithreadedTaskDispatcher with 16 workers.
 -> (artifact id: '32e5baf56aec28577e5626a726423f6d') in 0.009808 seconds
Number of updated asset objects reloaded before import = 0
Number of asset objects unloaded after import = 35
========================================================================
Received Import Request.
  Time since last request: 1.731213 seconds.
  path: Assets/JMO Assets/WarFX/_Effects (Mobile)/MuzzleFlashes/4Planes/WFXMR_MF 4P RIFLE3.prefab
  artifactKey: Guid(c5946a66b3eec2d479e20b7315b06bf8) Importer(815301076,1909f56bfc062723c751e8b465ee728b)
Start importing Assets/JMO Assets/WarFX/_Effects (Mobile)/MuzzleFlashes/4Planes/WFXMR_MF 4P RIFLE3.prefab using Guid(c5946a66b3eec2d479e20b7315b06bf8) Importer(815301076,1909f56bfc062723c751e8b465ee728b) [PhysX] Initialized MultithreadedTaskDispatcher with 16 workers.
[PhysX] Initialized MultithreadedTaskDispatcher with 16 workers.
 -> (artifact id: '9022a0c292029179753b8e475b45a20a') in 0.009880 seconds
Number of updated asset objects reloaded before import = 0
Number of asset objects unloaded after import = 35
========================================================================
Received Import Request.
  Time since last request: 21.492116 seconds.
  path: Assets/JMO Assets/WarFX/Mobile/Materials/MuzzleFlashes/WFXM_M_MF Glow.mat
  artifactKey: Guid(5cd541080cf73ee4bbe682724bd0887b) Importer(815301076,1909f56bfc062723c751e8b465ee728b)
Start importing Assets/JMO Assets/WarFX/Mobile/Materials/MuzzleFlashes/WFXM_M_MF Glow.mat using Guid(5cd541080cf73ee4bbe682724bd0887b) Importer(815301076,1909f56bfc062723c751e8b465ee728b) [PhysX] Initialized MultithreadedTaskDispatcher with 16 workers.
[PhysX] Initialized MultithreadedTaskDispatcher with 16 workers.
 -> (artifact id: '2264fe7b68b1ae19de1355d6587e2892') in 0.006268 seconds
Number of updated asset objects reloaded before import = 0
Number of asset objects unloaded after import = 2
========================================================================
Received Import Request.
  Time since last request: 15.970812 seconds.
  path: Assets/JMO Assets/WarFX/_Effects (Mobile)/MuzzleFlashes/4Planes/WFXMR_MF 4P RIFLE3.prefab
  artifactKey: Guid(c5946a66b3eec2d479e20b7315b06bf8) Importer(815301076,1909f56bfc062723c751e8b465ee728b)
Start importing Assets/JMO Assets/WarFX/_Effects (Mobile)/MuzzleFlashes/4Planes/WFXMR_MF 4P RIFLE3.prefab using Guid(c5946a66b3eec2d479e20b7315b06bf8) Importer(815301076,1909f56bfc062723c751e8b465ee728b) [PhysX] Initialized MultithreadedTaskDispatcher with 16 workers.
[PhysX] Initialized MultithreadedTaskDispatcher with 16 workers.
 -> (artifact id: '3eb5b82e715cd57973d6e7b07b199d07') in 0.008637 seconds
Number of updated asset objects reloaded before import = 0
Number of asset objects unloaded after import = 35
========================================================================
Received Import Request.
  Time since last request: 3.944731 seconds.
  path: Assets/JMO Assets/WarFX/_Effects (Mobile)/MuzzleFlashes/FPS/WFXMR_MF FPS RIFLE1.prefab
  artifactKey: Guid(234e5aa95353f0643b0181dc3872cda9) Importer(815301076,1909f56bfc062723c751e8b465ee728b)
Start importing Assets/JMO Assets/WarFX/_Effects (Mobile)/MuzzleFlashes/FPS/WFXMR_MF FPS RIFLE1.prefab using Guid(234e5aa95353f0643b0181dc3872cda9) Importer(815301076,1909f56bfc062723c751e8b465ee728b) [PhysX] Initialized MultithreadedTaskDispatcher with 16 workers.
[PhysX] Initialized MultithreadedTaskDispatcher with 16 workers.
 -> (artifact id: '9a6e1379f6f9251eee671570163d45fd') in 0.007972 seconds
Number of updated asset objects reloaded before import = 0
Number of asset objects unloaded after import = 23
========================================================================
Received Import Request.
  Time since last request: 1.710914 seconds.
  path: Assets/JMO Assets/WarFX/_Effects (Mobile)/MuzzleFlashes/FPS/WFXMR_MF FPS RIFLE2.prefab
  artifactKey: Guid(cdf14baff693fbc439f8c859529a63a6) Importer(815301076,1909f56bfc062723c751e8b465ee728b)
Start importing Assets/JMO Assets/WarFX/_Effects (Mobile)/MuzzleFlashes/FPS/WFXMR_MF FPS RIFLE2.prefab using Guid(cdf14baff693fbc439f8c859529a63a6) Importer(815301076,1909f56bfc062723c751e8b465ee728b) [PhysX] Initialized MultithreadedTaskDispatcher with 16 workers.
[PhysX] Initialized MultithreadedTaskDispatcher with 16 workers.
 -> (artifact id: '663408dd6baa2a8414ff49d88fdc2608') in 0.015877 seconds
Number of updated asset objects reloaded before import = 0
Number of asset objects unloaded after import = 23
========================================================================
Received Import Request.
  Time since last request: 1.528516 seconds.
  path: Assets/JMO Assets/WarFX/_Effects (Mobile)/MuzzleFlashes/FPS/WFXMR_MF FPS RIFLE3.prefab
  artifactKey: Guid(eb8c772b30f37864d80bd845f739aa6c) Importer(815301076,1909f56bfc062723c751e8b465ee728b)
Start importing Assets/JMO Assets/WarFX/_Effects (Mobile)/MuzzleFlashes/FPS/WFXMR_MF FPS RIFLE3.prefab using Guid(eb8c772b30f37864d80bd845f739aa6c) Importer(815301076,1909f56bfc062723c751e8b465ee728b) [PhysX] Initialized MultithreadedTaskDispatcher with 16 workers.
[PhysX] Initialized MultithreadedTaskDispatcher with 16 workers.
 -> (artifact id: '6dcaf10956119c95013beb15a0056d64') in 0.018474 seconds
Number of updated asset objects reloaded before import = 0
Number of asset objects unloaded after import = 24
========================================================================
Received Import Request.
  Time since last request: 5.074373 seconds.
  path: Assets/JMO Assets/WarFX/_Effects (Mobile)/MuzzleFlashes/Sprites/WFXMR_MF Spr RIFLE1.prefab
  artifactKey: Guid(2f7910242354c78419d50ac9e64b496f) Importer(815301076,1909f56bfc062723c751e8b465ee728b)
Start importing Assets/JMO Assets/WarFX/_Effects (Mobile)/MuzzleFlashes/Sprites/WFXMR_MF Spr RIFLE1.prefab using Guid(2f7910242354c78419d50ac9e64b496f) Importer(815301076,1909f56bfc062723c751e8b465ee728b) [PhysX] Initialized MultithreadedTaskDispatcher with 16 workers.
[PhysX] Initialized MultithreadedTaskDispatcher with 16 workers.
 -> (artifact id: 'f0813d769ae7b5f1a34c01ab2067598e') in 0.008642 seconds
Number of updated asset objects reloaded before import = 0
Number of asset objects unloaded after import = 29
========================================================================
Received Import Request.
  Time since last request: 0.022624 seconds.
  path: Assets/JMO Assets/WarFX/Mobile/Materials/MuzzleFlashes/WFXM_M_MF Side RIFLE1.mat
  artifactKey: Guid(5670cff32df718c4e8424e5e4fb3cf46) Importer(815301076,1909f56bfc062723c751e8b465ee728b)
Start importing Assets/JMO Assets/WarFX/Mobile/Materials/MuzzleFlashes/WFXM_M_MF Side RIFLE1.mat using Guid(5670cff32df718c4e8424e5e4fb3cf46) Importer(815301076,1909f56bfc062723c751e8b465ee728b) [PhysX] Initialized MultithreadedTaskDispatcher with 16 workers.
[PhysX] Initialized MultithreadedTaskDispatcher with 16 workers.
 -> (artifact id: '68d571cf93e28a3c84df434b2a2a6884') in 0.005243 seconds
Number of updated asset objects reloaded before import = 0
Number of asset objects unloaded after import = 2
========================================================================
Received Import Request.
  Time since last request: 7.725736 seconds.
  path: Assets/JMO Assets/WarFX/_Effects (Mobile)/MuzzleFlashes/Sprites/WFXMR_MF Spr RIFLE2.prefab
  artifactKey: Guid(acade480ec18aed4d95a5abc17649351) Importer(815301076,1909f56bfc062723c751e8b465ee728b)
Start importing Assets/JMO Assets/WarFX/_Effects (Mobile)/MuzzleFlashes/Sprites/WFXMR_MF Spr RIFLE2.prefab using Guid(acade480ec18aed4d95a5abc17649351) Importer(815301076,1909f56bfc062723c751e8b465ee728b) [PhysX] Initialized MultithreadedTaskDispatcher with 16 workers.
[PhysX] Initialized MultithreadedTaskDispatcher with 16 workers.
 -> (artifact id: 'ba33391e22d644d8ab2216f4c3bb0672') in 0.016838 seconds
Number of updated asset objects reloaded before import = 0
Number of asset objects unloaded after import = 29
========================================================================
Received Import Request.
  Time since last request: 0.017002 seconds.
  path: Assets/JMO Assets/WarFX/Mobile/Materials/MuzzleFlashes/WFXM_M_MF Side RIFLE2.mat
  artifactKey: Guid(6b4877ee772cac5478355df5ed9d778f) Importer(815301076,1909f56bfc062723c751e8b465ee728b)
Start importing Assets/JMO Assets/WarFX/Mobile/Materials/MuzzleFlashes/WFXM_M_MF Side RIFLE2.mat using Guid(6b4877ee772cac5478355df5ed9d778f) Importer(815301076,1909f56bfc062723c751e8b465ee728b) [PhysX] Initialized MultithreadedTaskDispatcher with 16 workers.
[PhysX] Initialized MultithreadedTaskDispatcher with 16 workers.
 -> (artifact id: '8366e14dddf467e95bae65dfcb92e0b3') in 0.005463 seconds
Number of updated asset objects reloaded before import = 0
Number of asset objects unloaded after import = 2
========================================================================
Received Import Request.
  Time since last request: 0.058181 seconds.
  path: Assets/JMO Assets/WarFX/_Effects (Mobile)/MuzzleFlashes/Sprites/WFXMR_MF Spr RIFLE2.prefab
  artifactKey: Guid(acade480ec18aed4d95a5abc17649351) Importer(815301076,1909f56bfc062723c751e8b465ee728b)
Start importing Assets/JMO Assets/WarFX/_Effects (Mobile)/MuzzleFlashes/Sprites/WFXMR_MF Spr RIFLE2.prefab using Guid(acade480ec18aed4d95a5abc17649351) Importer(815301076,1909f56bfc062723c751e8b465ee728b) [PhysX] Initialized MultithreadedTaskDispatcher with 16 workers.
[PhysX] Initialized MultithreadedTaskDispatcher with 16 workers.
 -> (artifact id: '23bee50a1316b37b274eb3ec250e0845') in 0.009652 seconds
Number of updated asset objects reloaded before import = 0
Number of asset objects unloaded after import = 29
========================================================================
Received Import Request.
  Time since last request: 1.394725 seconds.
  path: Assets/JMO Assets/WarFX/_Effects (Mobile)/MuzzleFlashes/Sprites/WFXMR_MF Spr RIFLE3.prefab
  artifactKey: Guid(31e92f47a14b1434397c9d18b23ef28d) Importer(815301076,1909f56bfc062723c751e8b465ee728b)
Start importing Assets/JMO Assets/WarFX/_Effects (Mobile)/MuzzleFlashes/Sprites/WFXMR_MF Spr RIFLE3.prefab using Guid(31e92f47a14b1434397c9d18b23ef28d) Importer(815301076,1909f56bfc062723c751e8b465ee728b) [PhysX] Initialized MultithreadedTaskDispatcher with 16 workers.
[PhysX] Initialized MultithreadedTaskDispatcher with 16 workers.
 -> (artifact id: '277424412d37cc10fcaef9228dc6b274') in 0.016738 seconds
Number of updated asset objects reloaded before import = 0
Number of asset objects unloaded after import = 30
========================================================================
Received Import Request.
  Time since last request: 0.037564 seconds.
  path: Assets/JMO Assets/WarFX/Mobile/Materials/MuzzleFlashes/WFXM_M_MF Side RIFLE3.mat
  artifactKey: Guid(b71afc5edbc2da1479a3af6d2cb56d08) Importer(815301076,1909f56bfc062723c751e8b465ee728b)
Start importing Assets/JMO Assets/WarFX/Mobile/Materials/MuzzleFlashes/WFXM_M_MF Side RIFLE3.mat using Guid(b71afc5edbc2da1479a3af6d2cb56d08) Importer(815301076,1909f56bfc062723c751e8b465ee728b) [PhysX] Initialized MultithreadedTaskDispatcher with 16 workers.
[PhysX] Initialized MultithreadedTaskDispatcher with 16 workers.
 -> (artifact id: '4a47f7f70f2d07c7c39c56480efb4e8c') in 0.005305 seconds
Number of updated asset objects reloaded before import = 0
Number of asset objects unloaded after import = 2
========================================================================
Received Prepare
Caller must complete domain reload
Begin MonoManager ReloadAssembly
- Loaded All Assemblies, in  0.403 seconds
Native extension for WindowsStandalone target not found
Native extension for Android target not found
Native extension for WebGL target not found
Mono: successfully reloaded assembly
- Finished resetting the current domain, in  0.978 seconds
Domain Reload Profiling: 1378ms
	BeginReloadAssembly (133ms)
		ExecutionOrderSort (0ms)
		DisableScriptedObjects (4ms)
		BackupInstance (0ms)
		ReleaseScriptingObjects (0ms)
		CreateAndSetChildDomain (28ms)
	RebuildCommonClasses (29ms)
	RebuildNativeTypeToScriptingClass (10ms)
	initialDomainReloadingComplete (27ms)
	LoadAllAssembliesAndSetupDomain (200ms)
		LoadAssemblies (260ms)
		RebuildTransferFunctionScriptingTraits (0ms)
		AnalyzeDomain (12ms)
			TypeCache.Refresh (5ms)
				TypeCache.ScanAssembly (0ms)
			ScanForSourceGeneratedMonoScriptInfo (0ms)
			ResolveRequiredComponents (5ms)
	FinalizeReload (978ms)
		ReleaseScriptCaches (0ms)
		RebuildScriptCaches (0ms)
		SetupLoadedEditorAssemblies (458ms)
			LogAssemblyErrors (0ms)
			InitializePlatformSupportModulesInManaged (20ms)
			SetLoadedEditorAssemblies (4ms)
			RefreshPlugins (0ms)
			BeforeProcessingInitializeOnLoad (87ms)
			ProcessInitializeOnLoadAttributes (319ms)
			ProcessInitializeOnLoadMethodAttributes (20ms)
			AfterProcessingInitializeOnLoad (8ms)
			EditorAssembliesLoaded (0ms)
		ExecutionOrderSort2 (0ms)
		AwakeInstancesAfterBackupRestoration (6ms)
Shader 'WFX/Transparent Specular': fallback shader 'Particles/Alpha Blended' not found
Shader 'WFX/Transparent Diffuse': fallback shader 'Particles/Alpha Blended' not found
Refreshing native plugins compatible for Editor in 5.37 ms, found 3 plugins.
Preloading 0 native plugins for Editor in 0.00 ms.
Unloading 3138 Unused Serialized files (Serialized files now loaded: 0)
Unloading 13 unused Assets / (27.6 KB). Loaded Objects now: 3678.
Memory consumption went from 125.3 MB to 125.3 MB.
Total: 4.697800 ms (FindLiveObjects: 0.362400 ms CreateObjectMapping: 0.404200 ms MarkObjects: 3.877800 ms  DeleteObjects: 0.052200 ms)

Prepare: number of updated asset objects reloaded= 0
AssetImportParameters requested are different than current active one (requested -> active):
  custom:container-demuxer-ogg: 62fdf1f143b41e24485cea50d1cbac27 -> 
  custom:video-codec-MediaFoundation-h265: 746d11721c4dcdbdad8f713fa42b33f4 -> 
  custom:video-decoder-ogg-theora: a1e56fd34408186e4bbccfd4996cb3dc -> 
  custom:framework-win-MediaFoundation: 216162199b28c13a410421893ffa2e32 -> 
  custom:CustomObjectIndexerAttribute: 9a22284fe3817be447336de3de66b15e -> 
  custom:container-demuxer-webm: 4f35f7cbe854078d1ac9338744f61a02 -> 
  custom:container-muxer-webm: aa71ff27fc2769a1b78a27578f13a17b -> 
  custom:video-decoder-webm-vp8: 9c59270c3fd7afecdb556c50c9e8de78 -> 
  custom:SearchIndexIgnoredProperties: e643bd26f0fe6173181afceb89e7c659 -> 
  custom:AudioImporter_EditorPlatform: d09bf68614088b80899f8185d706f6e7 -> 
  custom:video-encoder-webm-vp8: eb34c28f22e8b96e1ab97ce403110664 -> 
  custom:audio-decoder-ogg-vorbis: bf7c407c2cedff20999df2af8eb42d56 -> 
  custom:audio-encoder-webm-vorbis: bf7c407c2cedff20999df2af8eb42d56 -> 
========================================================================
Received Prepare
Caller must complete domain reload
Begin MonoManager ReloadAssembly
- Loaded All Assemblies, in  0.407 seconds
Native extension for WindowsStandalone target not found
Native extension for Android target not found
Native extension for WebGL target not found
Mono: successfully reloaded assembly
- Finished resetting the current domain, in  0.922 seconds
Domain Reload Profiling: 1326ms
	BeginReloadAssembly (133ms)
		ExecutionOrderSort (0ms)
		DisableScriptedObjects (5ms)
		BackupInstance (0ms)
		ReleaseScriptingObjects (0ms)
		CreateAndSetChildDomain (29ms)
	RebuildCommonClasses (34ms)
	RebuildNativeTypeToScriptingClass (10ms)
	initialDomainReloadingComplete (26ms)
	LoadAllAssembliesAndSetupDomain (200ms)
		LoadAssemblies (259ms)
		RebuildTransferFunctionScriptingTraits (0ms)
		AnalyzeDomain (12ms)
			TypeCache.Refresh (5ms)
				TypeCache.ScanAssembly (0ms)
			ScanForSourceGeneratedMonoScriptInfo (0ms)
			ResolveRequiredComponents (5ms)
	FinalizeReload (923ms)
		ReleaseScriptCaches (0ms)
		RebuildScriptCaches (0ms)
		SetupLoadedEditorAssemblies (466ms)
			LogAssemblyErrors (0ms)
			InitializePlatformSupportModulesInManaged (20ms)
			SetLoadedEditorAssemblies (4ms)
			RefreshPlugins (0ms)
			BeforeProcessingInitializeOnLoad (89ms)
			ProcessInitializeOnLoadAttributes (324ms)
			ProcessInitializeOnLoadMethodAttributes (21ms)
			AfterProcessingInitializeOnLoad (9ms)
			EditorAssembliesLoaded (0ms)
		ExecutionOrderSort2 (0ms)
		AwakeInstancesAfterBackupRestoration (6ms)
Shader 'WFX/Transparent Specular': fallback shader 'Particles/Alpha Blended' not found
Shader 'WFX/Transparent Diffuse': fallback shader 'Particles/Alpha Blended' not found
Refreshing native plugins compatible for Editor in 6.05 ms, found 3 plugins.
Preloading 0 native plugins for Editor in 0.00 ms.
Unloading 3138 Unused Serialized files (Serialized files now loaded: 0)
Unloading 13 unused Assets / (27.6 KB). Loaded Objects now: 3681.
Memory consumption went from 125.3 MB to 125.3 MB.
Total: 4.073800 ms (FindLiveObjects: 0.331700 ms CreateObjectMapping: 0.315900 ms MarkObjects: 3.376800 ms  DeleteObjects: 0.048400 ms)

Prepare: number of updated asset objects reloaded= 0
AssetImportParameters requested are different than current active one (requested -> active):
  custom:container-demuxer-ogg: 62fdf1f143b41e24485cea50d1cbac27 -> 
  custom:video-codec-MediaFoundation-h265: 746d11721c4dcdbdad8f713fa42b33f4 -> 
  custom:video-decoder-ogg-theora: a1e56fd34408186e4bbccfd4996cb3dc -> 
  custom:framework-win-MediaFoundation: 216162199b28c13a410421893ffa2e32 -> 
  custom:CustomObjectIndexerAttribute: 9a22284fe3817be447336de3de66b15e -> 
  custom:container-demuxer-webm: 4f35f7cbe854078d1ac9338744f61a02 -> 
  custom:container-muxer-webm: aa71ff27fc2769a1b78a27578f13a17b -> 
  custom:video-decoder-webm-vp8: 9c59270c3fd7afecdb556c50c9e8de78 -> 
  custom:SearchIndexIgnoredProperties: e643bd26f0fe6173181afceb89e7c659 -> 
  custom:AudioImporter_EditorPlatform: d09bf68614088b80899f8185d706f6e7 -> 
  custom:video-encoder-webm-vp8: eb34c28f22e8b96e1ab97ce403110664 -> 
  custom:audio-decoder-ogg-vorbis: bf7c407c2cedff20999df2af8eb42d56 -> 
  custom:audio-encoder-webm-vorbis: bf7c407c2cedff20999df2af8eb42d56 -> 
========================================================================
Received Import Request.
  Time since last request: 116.123033 seconds.
  path: Assets/JMO Assets/WarFX/_Effects (Mobile)/Fire/No Smoke/WFXMR_Fire Natural (No Smoke).prefab
  artifactKey: Guid(cb074760d265371429c786718a7ca5e8) Importer(815301076,1909f56bfc062723c751e8b465ee728b)
Start importing Assets/JMO Assets/WarFX/_Effects (Mobile)/Fire/No Smoke/WFXMR_Fire Natural (No Smoke).prefab using Guid(cb074760d265371429c786718a7ca5e8) Importer(815301076,1909f56bfc062723c751e8b465ee728b) [PhysX] Initialized MultithreadedTaskDispatcher with 16 workers.
[PhysX] Initialized MultithreadedTaskDispatcher with 16 workers.
 -> (artifact id: 'faa82c3cf4aecd2c9e1167f0b640c53e') in 0.061714 seconds
Number of updated asset objects reloaded before import = 0
Number of asset objects unloaded after import = 15
========================================================================
Received Import Request.
  Time since last request: 3.528596 seconds.
  path: Assets/JMO Assets/WarFX/_Effects (Mobile)/Fire/No Smoke/WFXMR_Fire Natural Circle (No Smoke).prefab
  artifactKey: Guid(16fa56e3bc952f8418a8c26526b344e8) Importer(815301076,1909f56bfc062723c751e8b465ee728b)
Start importing Assets/JMO Assets/WarFX/_Effects (Mobile)/Fire/No Smoke/WFXMR_Fire Natural Circle (No Smoke).prefab using Guid(16fa56e3bc952f8418a8c26526b344e8) Importer(815301076,1909f56bfc062723c751e8b465ee728b) [PhysX] Initialized MultithreadedTaskDispatcher with 16 workers.
[PhysX] Initialized MultithreadedTaskDispatcher with 16 workers.
 -> (artifact id: 'dbde69e009036cd3abaa08d5044ca857') in 0.016206 seconds
Number of updated asset objects reloaded before import = 0
Number of asset objects unloaded after import = 15
========================================================================
Received Import Request.
  Time since last request: 0.103474 seconds.
  path: Assets/JMO Assets/WarFX/_Effects (Mobile)/Fire/No Smoke/WFXMR_Fire Natural Circle (No Smoke).prefab
  artifactKey: Guid(16fa56e3bc952f8418a8c26526b344e8) Importer(815301076,1909f56bfc062723c751e8b465ee728b)
Start importing Assets/JMO Assets/WarFX/_Effects (Mobile)/Fire/No Smoke/WFXMR_Fire Natural Circle (No Smoke).prefab using Guid(16fa56e3bc952f8418a8c26526b344e8) Importer(815301076,1909f56bfc062723c751e8b465ee728b) [PhysX] Initialized MultithreadedTaskDispatcher with 16 workers.
[PhysX] Initialized MultithreadedTaskDispatcher with 16 workers.
 -> (artifact id: '97cb6ef9850825302b7dc6c196686a70') in 0.007739 seconds
Number of updated asset objects reloaded before import = 0
Number of asset objects unloaded after import = 15
========================================================================
Received Import Request.
  Time since last request: 3.217065 seconds.
  path: Assets/JMO Assets/WarFX/_Effects (Mobile)/Fire/No Smoke/WFXMR_GazFire (No Smoke).prefab
  artifactKey: Guid(3df2db25d0e8c43499712fa1808b0960) Importer(815301076,1909f56bfc062723c751e8b465ee728b)
Start importing Assets/JMO Assets/WarFX/_Effects (Mobile)/Fire/No Smoke/WFXMR_GazFire (No Smoke).prefab using Guid(3df2db25d0e8c43499712fa1808b0960) Importer(815301076,1909f56bfc062723c751e8b465ee728b) [PhysX] Initialized MultithreadedTaskDispatcher with 16 workers.
[PhysX] Initialized MultithreadedTaskDispatcher with 16 workers.
 -> (artifact id: '5e0b832da4e3fb5b05c4b543d0561f4a') in 0.014784 seconds
Number of updated asset objects reloaded before import = 0
Number of asset objects unloaded after import = 15
========================================================================
Received Import Request.
  Time since last request: 0.075731 seconds.
  path: Assets/JMO Assets/WarFX/_Effects (Mobile)/Fire/No Smoke/WFXMR_GazFire (No Smoke).prefab
  artifactKey: Guid(3df2db25d0e8c43499712fa1808b0960) Importer(815301076,1909f56bfc062723c751e8b465ee728b)
Start importing Assets/JMO Assets/WarFX/_Effects (Mobile)/Fire/No Smoke/WFXMR_GazFire (No Smoke).prefab using Guid(3df2db25d0e8c43499712fa1808b0960) Importer(815301076,1909f56bfc062723c751e8b465ee728b) [PhysX] Initialized MultithreadedTaskDispatcher with 16 workers.
[PhysX] Initialized MultithreadedTaskDispatcher with 16 workers.
 -> (artifact id: '4063b6207a2fc06805adb0df607f78d2') in 0.007528 seconds
Number of updated asset objects reloaded before import = 0
Number of asset objects unloaded after import = 15
========================================================================
Received Import Request.
  Time since last request: 5.827664 seconds.
  path: Assets/JMO Assets/WarFX/_Effects (Mobile)/Fire/No Smoke/WFXMR_GazFireBig (No Smoke).prefab
  artifactKey: Guid(f5f4774c5dade3f42aa77b7966ea95c8) Importer(815301076,1909f56bfc062723c751e8b465ee728b)
Start importing Assets/JMO Assets/WarFX/_Effects (Mobile)/Fire/No Smoke/WFXMR_GazFireBig (No Smoke).prefab using Guid(f5f4774c5dade3f42aa77b7966ea95c8) Importer(815301076,1909f56bfc062723c751e8b465ee728b) [PhysX] Initialized MultithreadedTaskDispatcher with 16 workers.
[PhysX] Initialized MultithreadedTaskDispatcher with 16 workers.
 -> (artifact id: '0c7ff96e36bab253d7565097871ff9a1') in 0.015848 seconds
Number of updated asset objects reloaded before import = 0
Number of asset objects unloaded after import = 15
========================================================================
Received Import Request.
  Time since last request: 0.072814 seconds.
  path: Assets/JMO Assets/WarFX/_Effects (Mobile)/Fire/No Smoke/WFXMR_GazFireBig (No Smoke).prefab
  artifactKey: Guid(f5f4774c5dade3f42aa77b7966ea95c8) Importer(815301076,1909f56bfc062723c751e8b465ee728b)
Start importing Assets/JMO Assets/WarFX/_Effects (Mobile)/Fire/No Smoke/WFXMR_GazFireBig (No Smoke).prefab using Guid(f5f4774c5dade3f42aa77b7966ea95c8) Importer(815301076,1909f56bfc062723c751e8b465ee728b) [PhysX] Initialized MultithreadedTaskDispatcher with 16 workers.
[PhysX] Initialized MultithreadedTaskDispatcher with 16 workers.
 -> (artifact id: '760d876f089673ae018e3328a1293320') in 0.007352 seconds
Number of updated asset objects reloaded before import = 0
Number of asset objects unloaded after import = 15
========================================================================
Received Import Request.
  Time since last request: 3.659421 seconds.
  path: Assets/JMO Assets/WarFX/_Effects (Mobile)/Fire/No Smoke/WFXMR_Fire SmallFlame (No Smoke).prefab
  artifactKey: Guid(15e8f89070af2684aad3f27c56611515) Importer(815301076,1909f56bfc062723c751e8b465ee728b)
Start importing Assets/JMO Assets/WarFX/_Effects (Mobile)/Fire/No Smoke/WFXMR_Fire SmallFlame (No Smoke).prefab using Guid(15e8f89070af2684aad3f27c56611515) Importer(815301076,1909f56bfc062723c751e8b465ee728b) [PhysX] Initialized MultithreadedTaskDispatcher with 16 workers.
[PhysX] Initialized MultithreadedTaskDispatcher with 16 workers.
 -> (artifact id: '2a565f0cf6d48d98311fa7dc788da70f') in 0.015183 seconds
Number of updated asset objects reloaded before import = 0
Number of asset objects unloaded after import = 15
========================================================================
Received Import Request.
  Time since last request: 0.021524 seconds.
  path: Assets/JMO Assets/WarFX/Mobile/Materials/Flames/WFXM_M_FlameSmall ScrollAdd.mat
  artifactKey: Guid(70772a3d4102d07468e841ebff06d1f2) Importer(815301076,1909f56bfc062723c751e8b465ee728b)
Start importing Assets/JMO Assets/WarFX/Mobile/Materials/Flames/WFXM_M_FlameSmall ScrollAdd.mat using Guid(70772a3d4102d07468e841ebff06d1f2) Importer(815301076,1909f56bfc062723c751e8b465ee728b) [PhysX] Initialized MultithreadedTaskDispatcher with 16 workers.
[PhysX] Initialized MultithreadedTaskDispatcher with 16 workers.
 -> (artifact id: '4ec6ab6ed1f205a3ad4f52b781e793c0') in 0.015835 seconds
Number of updated asset objects reloaded before import = 0
Number of asset objects unloaded after import = 2
========================================================================
Received Import Request.
  Time since last request: 0.040053 seconds.
  path: Assets/JMO Assets/WarFX/_Effects (Mobile)/Fire/No Smoke/WFXMR_Fire SmallFlame (No Smoke).prefab
  artifactKey: Guid(15e8f89070af2684aad3f27c56611515) Importer(815301076,1909f56bfc062723c751e8b465ee728b)
Start importing Assets/JMO Assets/WarFX/_Effects (Mobile)/Fire/No Smoke/WFXMR_Fire SmallFlame (No Smoke).prefab using Guid(15e8f89070af2684aad3f27c56611515) Importer(815301076,1909f56bfc062723c751e8b465ee728b) [PhysX] Initialized MultithreadedTaskDispatcher with 16 workers.
[PhysX] Initialized MultithreadedTaskDispatcher with 16 workers.
 -> (artifact id: 'c76bb812170931f924676ec8c6f2bfe4') in 0.007686 seconds
Number of updated asset objects reloaded before import = 0
Number of asset objects unloaded after import = 15
========================================================================
Received Import Request.
  Time since last request: 1.449311 seconds.
  path: Assets/JMO Assets/WarFX/_Effects (Mobile)/Fire/No Smoke
  artifactKey: Guid(c01b147c9d89f6a43868b328d0d8245d) Importer(815301076,1909f56bfc062723c751e8b465ee728b)
Start importing Assets/JMO Assets/WarFX/_Effects (Mobile)/Fire/No Smoke using Guid(c01b147c9d89f6a43868b328d0d8245d) Importer(815301076,1909f56bfc062723c751e8b465ee728b) [PhysX] Initialized MultithreadedTaskDispatcher with 16 workers.
 -> (artifact id: '519488c3025ceedf51da3025f52d70bb') in 0.000534 seconds
Number of updated asset objects reloaded before import = 0
Number of asset objects unloaded after import = 0
========================================================================
Received Import Request.
  Time since last request: 10.408057 seconds.
  path: Assets/JMO Assets/WarFX/_Effects (Mobile)/Fire/Black Smoke/WFXMR_Fire Natural (Black Smoke).prefab
  artifactKey: Guid(f4a2c3f050b1cad4d9241bd31795a925) Importer(815301076,1909f56bfc062723c751e8b465ee728b)
Start importing Assets/JMO Assets/WarFX/_Effects (Mobile)/Fire/Black Smoke/WFXMR_Fire Natural (Black Smoke).prefab using Guid(f4a2c3f050b1cad4d9241bd31795a925) Importer(815301076,1909f56bfc062723c751e8b465ee728b) [PhysX] Initialized MultithreadedTaskDispatcher with 16 workers.
[PhysX] Initialized MultithreadedTaskDispatcher with 16 workers.
 -> (artifact id: '2a913b19f3b4a0fa245f55d9503d6647') in 0.013498 seconds
Number of updated asset objects reloaded before import = 0
Number of asset objects unloaded after import = 21
========================================================================
Received Import Request.
  Time since last request: 18.043847 seconds.
  path: Assets/Prefabs/Bullet.prefab
  artifactKey: Guid(7385c6b722702be4392791ccad16061e) Importer(815301076,1909f56bfc062723c751e8b465ee728b)
Start importing Assets/Prefabs/Bullet.prefab using Guid(7385c6b722702be4392791ccad16061e) Importer(815301076,1909f56bfc062723c751e8b465ee728b) [PhysX] Initialized MultithreadedTaskDispatcher with 16 workers.
[PhysX] Initialized MultithreadedTaskDispatcher with 16 workers.
 -> (artifact id: '5825fafd777766f10cf27c39b5e190cf') in 0.041951 seconds
Number of updated asset objects reloaded before import = 0
Number of asset objects unloaded after import = 24
========================================================================
Received Prepare
Caller must complete domain reload
Begin MonoManager ReloadAssembly
- Loaded All Assemblies, in  0.412 seconds
Native extension for WindowsStandalone target not found
Native extension for Android target not found
Native extension for WebGL target not found
Mono: successfully reloaded assembly
- Finished resetting the current domain, in  1.081 seconds
Domain Reload Profiling: 1489ms
	BeginReloadAssembly (137ms)
		ExecutionOrderSort (0ms)
		DisableScriptedObjects (4ms)
		BackupInstance (0ms)
		ReleaseScriptingObjects (0ms)
		CreateAndSetChildDomain (26ms)
	RebuildCommonClasses (35ms)
	RebuildNativeTypeToScriptingClass (10ms)
	initialDomainReloadingComplete (26ms)
	LoadAllAssembliesAndSetupDomain (200ms)
		LoadAssemblies (267ms)
		RebuildTransferFunctionScriptingTraits (0ms)
		AnalyzeDomain (12ms)
			TypeCache.Refresh (5ms)
				TypeCache.ScanAssembly (0ms)
			ScanForSourceGeneratedMonoScriptInfo (0ms)
			ResolveRequiredComponents (5ms)
	FinalizeReload (1081ms)
		ReleaseScriptCaches (0ms)
		RebuildScriptCaches (0ms)
		SetupLoadedEditorAssemblies (518ms)
			LogAssemblyErrors (0ms)
			InitializePlatformSupportModulesInManaged (22ms)
			SetLoadedEditorAssemblies (5ms)
			RefreshPlugins (0ms)
			BeforeProcessingInitializeOnLoad (98ms)
			ProcessInitializeOnLoadAttributes (361ms)
			ProcessInitializeOnLoadMethodAttributes (23ms)
			AfterProcessingInitializeOnLoad (8ms)
			EditorAssembliesLoaded (0ms)
		ExecutionOrderSort2 (0ms)
		AwakeInstancesAfterBackupRestoration (7ms)
Shader 'WFX/Transparent Specular': fallback shader 'Particles/Alpha Blended' not found
Shader 'WFX/Transparent Diffuse': fallback shader 'Particles/Alpha Blended' not found
Refreshing native plugins compatible for Editor in 6.08 ms, found 3 plugins.
Preloading 0 native plugins for Editor in 0.00 ms.
Unloading 3138 Unused Serialized files (Serialized files now loaded: 0)
Unloading 13 unused Assets / (27.5 KB). Loaded Objects now: 3684.
Memory consumption went from 125.4 MB to 125.4 MB.
Total: 4.667500 ms (FindLiveObjects: 0.395300 ms CreateObjectMapping: 0.553300 ms MarkObjects: 3.670900 ms  DeleteObjects: 0.047100 ms)

Prepare: number of updated asset objects reloaded= 0
AssetImportParameters requested are different than current active one (requested -> active):
  custom:container-demuxer-ogg: 62fdf1f143b41e24485cea50d1cbac27 -> 
  custom:video-codec-MediaFoundation-h265: 746d11721c4dcdbdad8f713fa42b33f4 -> 
  custom:video-decoder-ogg-theora: a1e56fd34408186e4bbccfd4996cb3dc -> 
  custom:framework-win-MediaFoundation: 216162199b28c13a410421893ffa2e32 -> 
  custom:CustomObjectIndexerAttribute: 9a22284fe3817be447336de3de66b15e -> 
  custom:container-demuxer-webm: 4f35f7cbe854078d1ac9338744f61a02 -> 
  custom:container-muxer-webm: aa71ff27fc2769a1b78a27578f13a17b -> 
  custom:video-decoder-webm-vp8: 9c59270c3fd7afecdb556c50c9e8de78 -> 
  custom:SearchIndexIgnoredProperties: e643bd26f0fe6173181afceb89e7c659 -> 
  custom:AudioImporter_EditorPlatform: d09bf68614088b80899f8185d706f6e7 -> 
  custom:video-encoder-webm-vp8: eb34c28f22e8b96e1ab97ce403110664 -> 
  custom:audio-decoder-ogg-vorbis: bf7c407c2cedff20999df2af8eb42d56 -> 
  custom:audio-encoder-webm-vorbis: bf7c407c2cedff20999df2af8eb42d56 -> 
========================================================================
Received Import Request.
  Time since last request: 120.621128 seconds.
  path: Assets/Prefabs/Bullet.prefab
  artifactKey: Guid(7385c6b722702be4392791ccad16061e) Importer(815301076,1909f56bfc062723c751e8b465ee728b)
Start importing Assets/Prefabs/Bullet.prefab using Guid(7385c6b722702be4392791ccad16061e) Importer(815301076,1909f56bfc062723c751e8b465ee728b) [PhysX] Initialized MultithreadedTaskDispatcher with 16 workers.
[PhysX] Initialized MultithreadedTaskDispatcher with 16 workers.
 -> (artifact id: '95a4cfbdefce8f5c755c2c82133dddc6') in 0.099215 seconds
Number of updated asset objects reloaded before import = 0
Number of asset objects unloaded after import = 58
========================================================================
Received Prepare
Caller must complete domain reload
Begin MonoManager ReloadAssembly
- Loaded All Assemblies, in  0.413 seconds
Native extension for WindowsStandalone target not found
Native extension for Android target not found
Native extension for WebGL target not found
Mono: successfully reloaded assembly
- Finished resetting the current domain, in  1.027 seconds
Domain Reload Profiling: 1437ms
	BeginReloadAssembly (137ms)
		ExecutionOrderSort (0ms)
		DisableScriptedObjects (4ms)
		BackupInstance (0ms)
		ReleaseScriptingObjects (0ms)
		CreateAndSetChildDomain (25ms)
	RebuildCommonClasses (29ms)
	RebuildNativeTypeToScriptingClass (10ms)
	initialDomainReloadingComplete (26ms)
	LoadAllAssembliesAndSetupDomain (207ms)
		LoadAssemblies (272ms)
		RebuildTransferFunctionScriptingTraits (0ms)
		AnalyzeDomain (13ms)
			TypeCache.Refresh (6ms)
				TypeCache.ScanAssembly (0ms)
			ScanForSourceGeneratedMonoScriptInfo (0ms)
			ResolveRequiredComponents (5ms)
	FinalizeReload (1028ms)
		ReleaseScriptCaches (0ms)
		RebuildScriptCaches (0ms)
		SetupLoadedEditorAssemblies (482ms)
			LogAssemblyErrors (0ms)
			InitializePlatformSupportModulesInManaged (21ms)
			SetLoadedEditorAssemblies (4ms)
			RefreshPlugins (0ms)
			BeforeProcessingInitializeOnLoad (90ms)
			ProcessInitializeOnLoadAttributes (337ms)
			ProcessInitializeOnLoadMethodAttributes (22ms)
			AfterProcessingInitializeOnLoad (8ms)
			EditorAssembliesLoaded (0ms)
		ExecutionOrderSort2 (0ms)
		AwakeInstancesAfterBackupRestoration (7ms)
Shader 'WFX/Transparent Specular': fallback shader 'Particles/Alpha Blended' not found
Shader 'WFX/Transparent Diffuse': fallback shader 'Particles/Alpha Blended' not found
Refreshing native plugins compatible for Editor in 6.20 ms, found 3 plugins.
Preloading 0 native plugins for Editor in 0.00 ms.
Unloading 3138 Unused Serialized files (Serialized files now loaded: 0)
Unloading 13 unused Assets / (27.5 KB). Loaded Objects now: 3687.
Memory consumption went from 125.4 MB to 125.4 MB.
Total: 4.573400 ms (FindLiveObjects: 0.337800 ms CreateObjectMapping: 0.391600 ms MarkObjects: 3.793000 ms  DeleteObjects: 0.049700 ms)

Prepare: number of updated asset objects reloaded= 0
AssetImportParameters requested are different than current active one (requested -> active):
  custom:container-demuxer-ogg: 62fdf1f143b41e24485cea50d1cbac27 -> 
  custom:video-codec-MediaFoundation-h265: 746d11721c4dcdbdad8f713fa42b33f4 -> 
  custom:video-decoder-ogg-theora: a1e56fd34408186e4bbccfd4996cb3dc -> 
  custom:framework-win-MediaFoundation: 216162199b28c13a410421893ffa2e32 -> 
  custom:CustomObjectIndexerAttribute: 9a22284fe3817be447336de3de66b15e -> 
  custom:container-demuxer-webm: 4f35f7cbe854078d1ac9338744f61a02 -> 
  custom:container-muxer-webm: aa71ff27fc2769a1b78a27578f13a17b -> 
  custom:video-decoder-webm-vp8: 9c59270c3fd7afecdb556c50c9e8de78 -> 
  custom:SearchIndexIgnoredProperties: e643bd26f0fe6173181afceb89e7c659 -> 
  custom:AudioImporter_EditorPlatform: d09bf68614088b80899f8185d706f6e7 -> 
  custom:video-encoder-webm-vp8: eb34c28f22e8b96e1ab97ce403110664 -> 
  custom:audio-decoder-ogg-vorbis: bf7c407c2cedff20999df2af8eb42d56 -> 
  custom:audio-encoder-webm-vorbis: bf7c407c2cedff20999df2af8eb42d56 -> 
========================================================================
Received Prepare
Caller must complete domain reload
Begin MonoManager ReloadAssembly
- Loaded All Assemblies, in  0.403 seconds
Native extension for WindowsStandalone target not found
Native extension for Android target not found
Native extension for WebGL target not found
Mono: successfully reloaded assembly
- Finished resetting the current domain, in  0.993 seconds
Domain Reload Profiling: 1393ms
	BeginReloadAssembly (134ms)
		ExecutionOrderSort (0ms)
		DisableScriptedObjects (5ms)
		BackupInstance (0ms)
		ReleaseScriptingObjects (0ms)
		CreateAndSetChildDomain (24ms)
	RebuildCommonClasses (28ms)
	RebuildNativeTypeToScriptingClass (10ms)
	initialDomainReloadingComplete (26ms)
	LoadAllAssembliesAndSetupDomain (202ms)
		LoadAssemblies (267ms)
		RebuildTransferFunctionScriptingTraits (0ms)
		AnalyzeDomain (12ms)
			TypeCache.Refresh (5ms)
				TypeCache.ScanAssembly (0ms)
			ScanForSourceGeneratedMonoScriptInfo (0ms)
			ResolveRequiredComponents (5ms)
	FinalizeReload (994ms)
		ReleaseScriptCaches (0ms)
		RebuildScriptCaches (0ms)
		SetupLoadedEditorAssemblies (477ms)
			LogAssemblyErrors (0ms)
			InitializePlatformSupportModulesInManaged (22ms)
			SetLoadedEditorAssemblies (5ms)
			RefreshPlugins (0ms)
			BeforeProcessingInitializeOnLoad (95ms)
			ProcessInitializeOnLoadAttributes (327ms)
			ProcessInitializeOnLoadMethodAttributes (20ms)
			AfterProcessingInitializeOnLoad (8ms)
			EditorAssembliesLoaded (0ms)
		ExecutionOrderSort2 (0ms)
		AwakeInstancesAfterBackupRestoration (7ms)
Shader 'WFX/Transparent Specular': fallback shader 'Particles/Alpha Blended' not found
Shader 'WFX/Transparent Diffuse': fallback shader 'Particles/Alpha Blended' not found
Refreshing native plugins compatible for Editor in 5.53 ms, found 3 plugins.
Preloading 0 native plugins for Editor in 0.00 ms.
Unloading 3138 Unused Serialized files (Serialized files now loaded: 0)
Unloading 13 unused Assets / (27.6 KB). Loaded Objects now: 3690.
Memory consumption went from 125.4 MB to 125.4 MB.
Total: 4.648900 ms (FindLiveObjects: 0.353000 ms CreateObjectMapping: 0.345100 ms MarkObjects: 3.907700 ms  DeleteObjects: 0.042200 ms)

Prepare: number of updated asset objects reloaded= 0
AssetImportParameters requested are different than current active one (requested -> active):
  custom:container-demuxer-ogg: 62fdf1f143b41e24485cea50d1cbac27 -> 
  custom:video-codec-MediaFoundation-h265: 746d11721c4dcdbdad8f713fa42b33f4 -> 
  custom:video-decoder-ogg-theora: a1e56fd34408186e4bbccfd4996cb3dc -> 
  custom:framework-win-MediaFoundation: 216162199b28c13a410421893ffa2e32 -> 
  custom:CustomObjectIndexerAttribute: 9a22284fe3817be447336de3de66b15e -> 
  custom:container-demuxer-webm: 4f35f7cbe854078d1ac9338744f61a02 -> 
  custom:container-muxer-webm: aa71ff27fc2769a1b78a27578f13a17b -> 
  custom:video-decoder-webm-vp8: 9c59270c3fd7afecdb556c50c9e8de78 -> 
  custom:SearchIndexIgnoredProperties: e643bd26f0fe6173181afceb89e7c659 -> 
  custom:AudioImporter_EditorPlatform: d09bf68614088b80899f8185d706f6e7 -> 
  custom:video-encoder-webm-vp8: eb34c28f22e8b96e1ab97ce403110664 -> 
  custom:audio-decoder-ogg-vorbis: bf7c407c2cedff20999df2af8eb42d56 -> 
  custom:audio-encoder-webm-vorbis: bf7c407c2cedff20999df2af8eb42d56 -> 
========================================================================
Received Import Request.
  Time since last request: 3133.378206 seconds.
  path: Assets/JMO Assets/WarFX/_Effects (Mobile)/Explosions/WFXMR_Explosion LandMine.prefab
  artifactKey: Guid(872363974360b1540b92d8d9e0453afa) Importer(815301076,1909f56bfc062723c751e8b465ee728b)
Start importing Assets/JMO Assets/WarFX/_Effects (Mobile)/Explosions/WFXMR_Explosion LandMine.prefab using Guid(872363974360b1540b92d8d9e0453afa) Importer(815301076,1909f56bfc062723c751e8b465ee728b) [PhysX] Initialized MultithreadedTaskDispatcher with 16 workers.
[PhysX] Initialized MultithreadedTaskDispatcher with 16 workers.
 -> (artifact id: 'ff6ea571e9324932197f9567fa7879d6') in 0.076342 seconds
Number of updated asset objects reloaded before import = 0
Number of asset objects unloaded after import = 49
========================================================================
Received Import Request.
  Time since last request: 0.024869 seconds.
  path: Assets/JMO Assets/WarFX/Mobile/Materials/Misc/WFXM_M_StretchPalet.mat
  artifactKey: Guid(ae862d3e96e550448b065f9e4e239fa6) Importer(815301076,1909f56bfc062723c751e8b465ee728b)
Start importing Assets/JMO Assets/WarFX/Mobile/Materials/Misc/WFXM_M_StretchPalet.mat using Guid(ae862d3e96e550448b065f9e4e239fa6) Importer(815301076,1909f56bfc062723c751e8b465ee728b) [PhysX] Initialized MultithreadedTaskDispatcher with 16 workers.
[PhysX] Initialized MultithreadedTaskDispatcher with 16 workers.
 -> (artifact id: '94dce7e95d7e7e84ad658671085c75c6') in 0.014977 seconds
Number of updated asset objects reloaded before import = 0
Number of asset objects unloaded after import = 2
========================================================================
Received Import Request.
  Time since last request: 8.323939 seconds.
  path: Assets/JMO Assets/WarFX/_Effects (Mobile)/Explosions/WFXMR_Explosion Simple.prefab
  artifactKey: Guid(8f611da60097c85438a2947021f045cf) Importer(815301076,1909f56bfc062723c751e8b465ee728b)
Start importing Assets/JMO Assets/WarFX/_Effects (Mobile)/Explosions/WFXMR_Explosion Simple.prefab using Guid(8f611da60097c85438a2947021f045cf) Importer(815301076,1909f56bfc062723c751e8b465ee728b) [PhysX] Initialized MultithreadedTaskDispatcher with 16 workers.
[PhysX] Initialized MultithreadedTaskDispatcher with 16 workers.
 -> (artifact id: '21dcd6f672248a83511eb8c2656e8af0') in 0.034637 seconds
Number of updated asset objects reloaded before import = 0
Number of asset objects unloaded after import = 37
========================================================================
Received Import Request.
  Time since last request: 0.010736 seconds.
  path: Assets/JMO Assets/WarFX/Mobile/Materials/Flames/WFXM_M_ExplosionFlames Add.mat
  artifactKey: Guid(48a925b6c99a1dc41b7efda3989ecde2) Importer(815301076,1909f56bfc062723c751e8b465ee728b)
Start importing Assets/JMO Assets/WarFX/Mobile/Materials/Flames/WFXM_M_ExplosionFlames Add.mat using Guid(48a925b6c99a1dc41b7efda3989ecde2) Importer(815301076,1909f56bfc062723c751e8b465ee728b) [PhysX] Initialized MultithreadedTaskDispatcher with 16 workers.
[PhysX] Initialized MultithreadedTaskDispatcher with 16 workers.
 -> (artifact id: 'cbcc2f55f0fd9be24a42378c495b0fa1') in 0.005691 seconds
Number of updated asset objects reloaded before import = 0
Number of asset objects unloaded after import = 2
========================================================================
Received Import Request.
  Time since last request: 0.062308 seconds.
  path: Assets/JMO Assets/WarFX/_Effects (Mobile)/Explosions/WFXMR_Explosion Simple.prefab
  artifactKey: Guid(8f611da60097c85438a2947021f045cf) Importer(815301076,1909f56bfc062723c751e8b465ee728b)
Start importing Assets/JMO Assets/WarFX/_Effects (Mobile)/Explosions/WFXMR_Explosion Simple.prefab using Guid(8f611da60097c85438a2947021f045cf) Importer(815301076,1909f56bfc062723c751e8b465ee728b) [PhysX] Initialized MultithreadedTaskDispatcher with 16 workers.
[PhysX] Initialized MultithreadedTaskDispatcher with 16 workers.
 -> (artifact id: '5adceee6b6b5c3c919c782ea8ffeb8fc') in 0.011014 seconds
Number of updated asset objects reloaded before import = 0
Number of asset objects unloaded after import = 37
========================================================================
Received Import Request.
  Time since last request: 10.035182 seconds.
  path: Assets/JMO Assets/WarFX/_Effects (Mobile)/Explosions/WFXMR_Explosion Small.prefab
  artifactKey: Guid(a57a6829db3568c4d9bdc37e9e63c017) Importer(815301076,1909f56bfc062723c751e8b465ee728b)
Start importing Assets/JMO Assets/WarFX/_Effects (Mobile)/Explosions/WFXMR_Explosion Small.prefab using Guid(a57a6829db3568c4d9bdc37e9e63c017) Importer(815301076,1909f56bfc062723c751e8b465ee728b) [PhysX] Initialized MultithreadedTaskDispatcher with 16 workers.
[PhysX] Initialized MultithreadedTaskDispatcher with 16 workers.
 -> (artifact id: '931dac4671b4a18a94bb6aa2ee889a37') in 0.015307 seconds
Number of updated asset objects reloaded before import = 0
Number of asset objects unloaded after import = 53
========================================================================
Received Import Request.
  Time since last request: 8.515666 seconds.
  path: Assets/JMO Assets/WarFX/_Effects (Mobile)/Explosions/WFXMR_ExplosiveSmoke Big Alt.prefab
  artifactKey: Guid(d609d5ebc845aca409f72e9c6a56dc60) Importer(815301076,1909f56bfc062723c751e8b465ee728b)
Start importing Assets/JMO Assets/WarFX/_Effects (Mobile)/Explosions/WFXMR_ExplosiveSmoke Big Alt.prefab using Guid(d609d5ebc845aca409f72e9c6a56dc60) Importer(815301076,1909f56bfc062723c751e8b465ee728b) [PhysX] Initialized MultithreadedTaskDispatcher with 16 workers.
[PhysX] Initialized MultithreadedTaskDispatcher with 16 workers.
 -> (artifact id: '4f9268584eb2a8ff1a7159d3ea381a07') in 0.012383 seconds
Number of updated asset objects reloaded before import = 0
Number of asset objects unloaded after import = 35
========================================================================
Received Import Request.
  Time since last request: 0.034864 seconds.
  path: Assets/JMO Assets/WarFX/Mobile/Materials/Misc/WFXM_M_GlowCircle Add.mat
  artifactKey: Guid(3849731f87957fe4ca8e47a1c235c5a2) Importer(815301076,1909f56bfc062723c751e8b465ee728b)
Start importing Assets/JMO Assets/WarFX/Mobile/Materials/Misc/WFXM_M_GlowCircle Add.mat using Guid(3849731f87957fe4ca8e47a1c235c5a2) Importer(815301076,1909f56bfc062723c751e8b465ee728b) [PhysX] Initialized MultithreadedTaskDispatcher with 16 workers.
[PhysX] Initialized MultithreadedTaskDispatcher with 16 workers.
 -> (artifact id: '6bb403d34ba1a267fda45c5c0de4de43') in 0.005765 seconds
Number of updated asset objects reloaded before import = 0
Number of asset objects unloaded after import = 2
========================================================================
Received Import Request.
  Time since last request: 55.737284 seconds.
  path: Assets/JMO Assets/WarFX/_Effects (Mobile)/Explosions/WFXMR_ExplosiveSmoke Big.prefab
  artifactKey: Guid(1ae4db7b36e51124b89d2b32303a7a0b) Importer(815301076,1909f56bfc062723c751e8b465ee728b)
Start importing Assets/JMO Assets/WarFX/_Effects (Mobile)/Explosions/WFXMR_ExplosiveSmoke Big.prefab using Guid(1ae4db7b36e51124b89d2b32303a7a0b) Importer(815301076,1909f56bfc062723c751e8b465ee728b) [PhysX] Initialized MultithreadedTaskDispatcher with 16 workers.
[PhysX] Initialized MultithreadedTaskDispatcher with 16 workers.
 -> (artifact id: '186e45af6ebd83370d421eaa6dac9b9f') in 0.010193 seconds
Number of updated asset objects reloaded before import = 0
Number of asset objects unloaded after import = 35
========================================================================
Received Import Request.
  Time since last request: 0.914451 seconds.
  path: Assets/JMO Assets/WarFX/_Effects (Mobile)/Explosions/WFXMR_Explosion.prefab
  artifactKey: Guid(084c6a87873fd6e4da7978a01aa18b34) Importer(815301076,1909f56bfc062723c751e8b465ee728b)
Start importing Assets/JMO Assets/WarFX/_Effects (Mobile)/Explosions/WFXMR_Explosion.prefab using Guid(084c6a87873fd6e4da7978a01aa18b34) Importer(815301076,1909f56bfc062723c751e8b465ee728b) [PhysX] Initialized MultithreadedTaskDispatcher with 16 workers.
[PhysX] Initialized MultithreadedTaskDispatcher with 16 workers.
 -> (artifact id: '06a1c60a67993173807b2109136223dd') in 0.014295 seconds
Number of updated asset objects reloaded before import = 0
Number of asset objects unloaded after import = 53
========================================================================
Received Import Request.
  Time since last request: 5.471501 seconds.
  path: Assets/JMO Assets/WarFX/_Effects (Mobile)/Explosions/WFXMR_ExplosiveSmoke Small.prefab
  artifactKey: Guid(42f257b24c959a44794a35d032e9da12) Importer(815301076,1909f56bfc062723c751e8b465ee728b)
Start importing Assets/JMO Assets/WarFX/_Effects (Mobile)/Explosions/WFXMR_ExplosiveSmoke Small.prefab using Guid(42f257b24c959a44794a35d032e9da12) Importer(815301076,1909f56bfc062723c751e8b465ee728b) [PhysX] Initialized MultithreadedTaskDispatcher with 16 workers.
[PhysX] Initialized MultithreadedTaskDispatcher with 16 workers.
 -> (artifact id: '492e491842cfe77f1773ca0cf540a78b') in 0.018288 seconds
Number of updated asset objects reloaded before import = 0
Number of asset objects unloaded after import = 35
========================================================================
Received Import Request.
  Time since last request: 2.391271 seconds.
  path: Assets/JMO Assets/WarFX/Mobile/Materials/Smoke/WFXM_M_ExplosiveSmoke.mat
  artifactKey: Guid(de58791328b0aa24fbc546436e2ab448) Importer(815301076,1909f56bfc062723c751e8b465ee728b)
Start importing Assets/JMO Assets/WarFX/Mobile/Materials/Smoke/WFXM_M_ExplosiveSmoke.mat using Guid(de58791328b0aa24fbc546436e2ab448) Importer(815301076,1909f56bfc062723c751e8b465ee728b) [PhysX] Initialized MultithreadedTaskDispatcher with 16 workers.
[PhysX] Initialized MultithreadedTaskDispatcher with 16 workers.
 -> (artifact id: '8c6c0688efb8eab20c21be3bc72d8594') in 0.013964 seconds
Number of updated asset objects reloaded before import = 0
Number of asset objects unloaded after import = 2
========================================================================
Received Import Request.
  Time since last request: 20.669827 seconds.
  path: Assets/JMO Assets/WarFX/Mobile/Materials/Misc/WFXM_M_SmallDots Add.mat
  artifactKey: Guid(0a743b143d5c8cb49af595203f3a47ec) Importer(815301076,1909f56bfc062723c751e8b465ee728b)
Start importing Assets/JMO Assets/WarFX/Mobile/Materials/Misc/WFXM_M_SmallDots Add.mat using Guid(0a743b143d5c8cb49af595203f3a47ec) Importer(815301076,1909f56bfc062723c751e8b465ee728b) [PhysX] Initialized MultithreadedTaskDispatcher with 16 workers.
[PhysX] Initialized MultithreadedTaskDispatcher with 16 workers.
 -> (artifact id: 'e2186dcda419da0140c8cf5e3d2a1044') in 0.005462 seconds
Number of updated asset objects reloaded before import = 0
Number of asset objects unloaded after import = 2
========================================================================
Received Import Request.
  Time since last request: 11.492651 seconds.
  path: Assets/JMO Assets/WarFX/Mobile/Materials/Misc/WFXM_M_GlowPalet Add.mat
  artifactKey: Guid(2f247612a97dc9646b9624cf12731e38) Importer(815301076,1909f56bfc062723c751e8b465ee728b)
Start importing Assets/JMO Assets/WarFX/Mobile/Materials/Misc/WFXM_M_GlowPalet Add.mat using Guid(2f247612a97dc9646b9624cf12731e38) Importer(815301076,1909f56bfc062723c751e8b465ee728b) [PhysX] Initialized MultithreadedTaskDispatcher with 16 workers.
[PhysX] Initialized MultithreadedTaskDispatcher with 16 workers.
 -> (artifact id: '563c34f369b58aa5ac6bf10d93e4b2eb') in 0.005252 seconds
Number of updated asset objects reloaded before import = 0
Number of asset objects unloaded after import = 2
========================================================================
Received Import Request.
  Time since last request: 21.024329 seconds.
  path: Assets/JMO Assets/WarFX/_Effects (Mobile)/Explosions/WFXMR_ExplosiveSmoke Small.prefab
  artifactKey: Guid(42f257b24c959a44794a35d032e9da12) Importer(815301076,1909f56bfc062723c751e8b465ee728b)
Start importing Assets/JMO Assets/WarFX/_Effects (Mobile)/Explosions/WFXMR_ExplosiveSmoke Small.prefab using Guid(42f257b24c959a44794a35d032e9da12) Importer(815301076,1909f56bfc062723c751e8b465ee728b) [PhysX] Initialized MultithreadedTaskDispatcher with 16 workers.
[PhysX] Initialized MultithreadedTaskDispatcher with 16 workers.
 -> (artifact id: 'eb550f5c44b60ef9764ad046d45a8800') in 0.010580 seconds
Number of updated asset objects reloaded before import = 0
Number of asset objects unloaded after import = 35
========================================================================
Received Import Request.
  Time since last request: 2.433534 seconds.
  path: Assets/JMO Assets/WarFX/_Effects (Mobile)/Explosions/WFXMR_ExplosiveSmokeGround.prefab
  artifactKey: Guid(808e73d863fcde3499fd5301563ffd3d) Importer(815301076,1909f56bfc062723c751e8b465ee728b)
Start importing Assets/JMO Assets/WarFX/_Effects (Mobile)/Explosions/WFXMR_ExplosiveSmokeGround.prefab using Guid(808e73d863fcde3499fd5301563ffd3d) Importer(815301076,1909f56bfc062723c751e8b465ee728b) [PhysX] Initialized MultithreadedTaskDispatcher with 16 workers.
[PhysX] Initialized MultithreadedTaskDispatcher with 16 workers.
 -> (artifact id: '23e966446a7c432cf34b5d723e7ec00c') in 0.019671 seconds
Number of updated asset objects reloaded before import = 0
Number of asset objects unloaded after import = 41
========================================================================
Received Import Request.
  Time since last request: 5.701798 seconds.
  path: Assets/JMO Assets/WarFX/_Effects (Mobile)/Fire/WFXMR_FlameThrower Big Alt.prefab
  artifactKey: Guid(e8fb3f256cf9d9e439bd069f42a5a246) Importer(815301076,1909f56bfc062723c751e8b465ee728b)
Start importing Assets/JMO Assets/WarFX/_Effects (Mobile)/Fire/WFXMR_FlameThrower Big Alt.prefab using Guid(e8fb3f256cf9d9e439bd069f42a5a246) Importer(815301076,1909f56bfc062723c751e8b465ee728b) [PhysX] Initialized MultithreadedTaskDispatcher with 16 workers.
[PhysX] Initialized MultithreadedTaskDispatcher with 16 workers.
 -> (artifact id: 'b2a458431059d9241238d08120e6b354') in 0.017131 seconds
Number of updated asset objects reloaded before import = 0
Number of asset objects unloaded after import = 21
========================================================================
Received Import Request.
  Time since last request: 0.086212 seconds.
  path: Assets/JMO Assets/WarFX/_Effects (Mobile)/Fire/WFXMR_FlameThrower Big Alt.prefab
  artifactKey: Guid(e8fb3f256cf9d9e439bd069f42a5a246) Importer(815301076,1909f56bfc062723c751e8b465ee728b)
Start importing Assets/JMO Assets/WarFX/_Effects (Mobile)/Fire/WFXMR_FlameThrower Big Alt.prefab using Guid(e8fb3f256cf9d9e439bd069f42a5a246) Importer(815301076,1909f56bfc062723c751e8b465ee728b) [PhysX] Initialized MultithreadedTaskDispatcher with 16 workers.
[PhysX] Initialized MultithreadedTaskDispatcher with 16 workers.
 -> (artifact id: 'fd824879d336537d96a975d61801d0ad') in 0.008878 seconds
Number of updated asset objects reloaded before import = 0
Number of asset objects unloaded after import = 21
========================================================================
Received Import Request.
  Time since last request: 6.532286 seconds.
  path: Assets/JMO Assets/WarFX/_Effects (Mobile)/Fire/WFXMR_FlameThrower Big Alt Looped.prefab
  artifactKey: Guid(4a7daf0e176b21a4b945be7a6e3ba2cb) Importer(815301076,1909f56bfc062723c751e8b465ee728b)
Start importing Assets/JMO Assets/WarFX/_Effects (Mobile)/Fire/WFXMR_FlameThrower Big Alt Looped.prefab using Guid(4a7daf0e176b21a4b945be7a6e3ba2cb) Importer(815301076,1909f56bfc062723c751e8b465ee728b) [PhysX] Initialized MultithreadedTaskDispatcher with 16 workers.
[PhysX] Initialized MultithreadedTaskDispatcher with 16 workers.
 -> (artifact id: '43922cef0ae0a0e28f8dad69c94149b9') in 0.016174 seconds
Number of updated asset objects reloaded before import = 0
Number of asset objects unloaded after import = 21
========================================================================
Received Import Request.
  Time since last request: 3.057953 seconds.
  path: Assets/JMO Assets/WarFX/_Effects (Mobile)/Fire/WFXMR_FlameThrower Big Looped.prefab
  artifactKey: Guid(3631e3c99d52b594097c09278c60f5cf) Importer(815301076,1909f56bfc062723c751e8b465ee728b)
Start importing Assets/JMO Assets/WarFX/_Effects (Mobile)/Fire/WFXMR_FlameThrower Big Looped.prefab using Guid(3631e3c99d52b594097c09278c60f5cf) Importer(815301076,1909f56bfc062723c751e8b465ee728b) [PhysX] Initialized MultithreadedTaskDispatcher with 16 workers.
[PhysX] Initialized MultithreadedTaskDispatcher with 16 workers.
 -> (artifact id: '4582cbd70ebae9379fa5f6aa0989dbb0') in 0.007980 seconds
Number of updated asset objects reloaded before import = 0
Number of asset objects unloaded after import = 15
========================================================================
Received Import Request.
  Time since last request: 0.088581 seconds.
  path: Assets/JMO Assets/WarFX/_Effects (Mobile)/Fire/WFXMR_FlameThrower Big Looped.prefab
  artifactKey: Guid(3631e3c99d52b594097c09278c60f5cf) Importer(815301076,1909f56bfc062723c751e8b465ee728b)
Start importing Assets/JMO Assets/WarFX/_Effects (Mobile)/Fire/WFXMR_FlameThrower Big Looped.prefab using Guid(3631e3c99d52b594097c09278c60f5cf) Importer(815301076,1909f56bfc062723c751e8b465ee728b) [PhysX] Initialized MultithreadedTaskDispatcher with 16 workers.
[PhysX] Initialized MultithreadedTaskDispatcher with 16 workers.
 -> (artifact id: '599cf92d1d74dea27f1e79c0b5e41b03') in 0.007679 seconds
Number of updated asset objects reloaded before import = 0
Number of asset objects unloaded after import = 15
========================================================================
Received Import Request.
  Time since last request: 1.720128 seconds.
  path: Assets/JMO Assets/WarFX/_Effects (Mobile)/Fire/WFXMR_FlameThrower Big.prefab
  artifactKey: Guid(3f06cc5630765384d94a7bf00f84b113) Importer(815301076,1909f56bfc062723c751e8b465ee728b)
Start importing Assets/JMO Assets/WarFX/_Effects (Mobile)/Fire/WFXMR_FlameThrower Big.prefab using Guid(3f06cc5630765384d94a7bf00f84b113) Importer(815301076,1909f56bfc062723c751e8b465ee728b) [PhysX] Initialized MultithreadedTaskDispatcher with 16 workers.
[PhysX] Initialized MultithreadedTaskDispatcher with 16 workers.
 -> (artifact id: 'db4f01a576595386bd0358709c23234c') in 0.015330 seconds
Number of updated asset objects reloaded before import = 0
Number of asset objects unloaded after import = 15
========================================================================
Received Import Request.
  Time since last request: 0.082029 seconds.
  path: Assets/JMO Assets/WarFX/_Effects (Mobile)/Fire/WFXMR_FlameThrower Big.prefab
  artifactKey: Guid(3f06cc5630765384d94a7bf00f84b113) Importer(815301076,1909f56bfc062723c751e8b465ee728b)
Start importing Assets/JMO Assets/WarFX/_Effects (Mobile)/Fire/WFXMR_FlameThrower Big.prefab using Guid(3f06cc5630765384d94a7bf00f84b113) Importer(815301076,1909f56bfc062723c751e8b465ee728b) [PhysX] Initialized MultithreadedTaskDispatcher with 16 workers.
[PhysX] Initialized MultithreadedTaskDispatcher with 16 workers.
 -> (artifact id: '82bd8f6d674c0ff8ab77aa7ea8f83933') in 0.008026 seconds
Number of updated asset objects reloaded before import = 0
Number of asset objects unloaded after import = 15
========================================================================
Received Import Request.
  Time since last request: 5.239437 seconds.
  path: Assets/JMO Assets/WarFX/_Effects (Mobile)/Fire/WFXMR_FlameThrower Looped.prefab
  artifactKey: Guid(9debd342863be9747b5a48c343184a31) Importer(815301076,1909f56bfc062723c751e8b465ee728b)
Start importing Assets/JMO Assets/WarFX/_Effects (Mobile)/Fire/WFXMR_FlameThrower Looped.prefab using Guid(9debd342863be9747b5a48c343184a31) Importer(815301076,1909f56bfc062723c751e8b465ee728b) [PhysX] Initialized MultithreadedTaskDispatcher with 16 workers.
[PhysX] Initialized MultithreadedTaskDispatcher with 16 workers.
 -> (artifact id: '3d9bd976cd8ee320217b13c30e576cec') in 0.007906 seconds
Number of updated asset objects reloaded before import = 0
Number of asset objects unloaded after import = 15
========================================================================
Received Import Request.
  Time since last request: 0.087136 seconds.
  path: Assets/JMO Assets/WarFX/_Effects (Mobile)/Fire/WFXMR_FlameThrower Looped.prefab
  artifactKey: Guid(9debd342863be9747b5a48c343184a31) Importer(815301076,1909f56bfc062723c751e8b465ee728b)
Start importing Assets/JMO Assets/WarFX/_Effects (Mobile)/Fire/WFXMR_FlameThrower Looped.prefab using Guid(9debd342863be9747b5a48c343184a31) Importer(815301076,1909f56bfc062723c751e8b465ee728b) [PhysX] Initialized MultithreadedTaskDispatcher with 16 workers.
[PhysX] Initialized MultithreadedTaskDispatcher with 16 workers.
 -> (artifact id: 'df5c47657dad54fac6bbb2f71993f768') in 0.008045 seconds
Number of updated asset objects reloaded before import = 0
Number of asset objects unloaded after import = 15
========================================================================
Received Import Request.
  Time since last request: 1.188697 seconds.
  path: Assets/JMO Assets/WarFX/_Effects (Mobile)/Fire/WFXMR_FlameThrower.prefab
  artifactKey: Guid(9c996ecef5f837e4488f8fa3849e4552) Importer(815301076,1909f56bfc062723c751e8b465ee728b)
Start importing Assets/JMO Assets/WarFX/_Effects (Mobile)/Fire/WFXMR_FlameThrower.prefab using Guid(9c996ecef5f837e4488f8fa3849e4552) Importer(815301076,1909f56bfc062723c751e8b465ee728b) [PhysX] Initialized MultithreadedTaskDispatcher with 16 workers.
[PhysX] Initialized MultithreadedTaskDispatcher with 16 workers.
 -> (artifact id: 'fd39aed3558d0b67343e773623baf8bc') in 0.015754 seconds
Number of updated asset objects reloaded before import = 0
Number of asset objects unloaded after import = 15
========================================================================
Received Import Request.
  Time since last request: 1.210565 seconds.
  path: Assets/JMO Assets/WarFX/_Effects (Mobile)/Fire/WFXMR_GazFireBig (Blue).prefab
  artifactKey: Guid(55700a754af55ac429f02417b245ae86) Importer(815301076,1909f56bfc062723c751e8b465ee728b)
Start importing Assets/JMO Assets/WarFX/_Effects (Mobile)/Fire/WFXMR_GazFireBig (Blue).prefab using Guid(55700a754af55ac429f02417b245ae86) Importer(815301076,1909f56bfc062723c751e8b465ee728b) [PhysX] Initialized MultithreadedTaskDispatcher with 16 workers.
[PhysX] Initialized MultithreadedTaskDispatcher with 16 workers.
 -> (artifact id: '37ed3580d978839085aab20f6601e696') in 0.017659 seconds
Number of updated asset objects reloaded before import = 0
Number of asset objects unloaded after import = 21
========================================================================
Received Import Request.
  Time since last request: 0.082097 seconds.
  path: Assets/JMO Assets/WarFX/_Effects (Mobile)/Fire/WFXMR_GazFireBig (Blue).prefab
  artifactKey: Guid(55700a754af55ac429f02417b245ae86) Importer(815301076,1909f56bfc062723c751e8b465ee728b)
Start importing Assets/JMO Assets/WarFX/_Effects (Mobile)/Fire/WFXMR_GazFireBig (Blue).prefab using Guid(55700a754af55ac429f02417b245ae86) Importer(815301076,1909f56bfc062723c751e8b465ee728b) [PhysX] Initialized MultithreadedTaskDispatcher with 16 workers.
[PhysX] Initialized MultithreadedTaskDispatcher with 16 workers.
 -> (artifact id: '100b9258737d52e7b19169369628b796') in 0.009539 seconds
Number of updated asset objects reloaded before import = 0
Number of asset objects unloaded after import = 21
========================================================================
Received Import Request.
  Time since last request: 0.611784 seconds.
  path: Assets/JMO Assets/WarFX/_Effects (Mobile)/Fire/WFXMR_GazFireBig (Green).prefab
  artifactKey: Guid(80c0dbff78cd8674db70406cfc8b1519) Importer(815301076,1909f56bfc062723c751e8b465ee728b)
Start importing Assets/JMO Assets/WarFX/_Effects (Mobile)/Fire/WFXMR_GazFireBig (Green).prefab using Guid(80c0dbff78cd8674db70406cfc8b1519) Importer(815301076,1909f56bfc062723c751e8b465ee728b) [PhysX] Initialized MultithreadedTaskDispatcher with 16 workers.
[PhysX] Initialized MultithreadedTaskDispatcher with 16 workers.
 -> (artifact id: '43a99f1e4c99a8f825e6e46b2a812dc4') in 0.018148 seconds
Number of updated asset objects reloaded before import = 0
Number of asset objects unloaded after import = 21
========================================================================
Received Import Request.
  Time since last request: 1.297433 seconds.
  path: Assets/JMO Assets/WarFX/_Effects (Mobile)/Fire/WFXMR_GazFireBig (Purple).prefab
  artifactKey: Guid(99912b6bbb720824baca3259bb8d7b33) Importer(815301076,1909f56bfc062723c751e8b465ee728b)
Start importing Assets/JMO Assets/WarFX/_Effects (Mobile)/Fire/WFXMR_GazFireBig (Purple).prefab using Guid(99912b6bbb720824baca3259bb8d7b33) Importer(815301076,1909f56bfc062723c751e8b465ee728b) [PhysX] Initialized MultithreadedTaskDispatcher with 16 workers.
[PhysX] Initialized MultithreadedTaskDispatcher with 16 workers.
 -> (artifact id: '2e5cf3437ff2841bb4169a632b6463b5') in 0.017601 seconds
Number of updated asset objects reloaded before import = 0
Number of asset objects unloaded after import = 21
========================================================================
Received Import Request.
  Time since last request: 0.082262 seconds.
  path: Assets/JMO Assets/WarFX/_Effects (Mobile)/Fire/WFXMR_GazFireBig (Purple).prefab
  artifactKey: Guid(99912b6bbb720824baca3259bb8d7b33) Importer(815301076,1909f56bfc062723c751e8b465ee728b)
Start importing Assets/JMO Assets/WarFX/_Effects (Mobile)/Fire/WFXMR_GazFireBig (Purple).prefab using Guid(99912b6bbb720824baca3259bb8d7b33) Importer(815301076,1909f56bfc062723c751e8b465ee728b) [PhysX] Initialized MultithreadedTaskDispatcher with 16 workers.
[PhysX] Initialized MultithreadedTaskDispatcher with 16 workers.
 -> (artifact id: 'a268ebb6931715147810902e1287ab49') in 0.009827 seconds
Number of updated asset objects reloaded before import = 0
Number of asset objects unloaded after import = 21
========================================================================
Received Import Request.
  Time since last request: 22.764798 seconds.
  path: Assets/Prefabs/Bullet.prefab
  artifactKey: Guid(7385c6b722702be4392791ccad16061e) Importer(815301076,1909f56bfc062723c751e8b465ee728b)
Start importing Assets/Prefabs/Bullet.prefab using Guid(7385c6b722702be4392791ccad16061e) Importer(815301076,1909f56bfc062723c751e8b465ee728b) [PhysX] Initialized MultithreadedTaskDispatcher with 16 workers.
[PhysX] Initialized MultithreadedTaskDispatcher with 16 workers.
 -> (artifact id: '1e65bcf72fbf0b71dd9a265c1e1a1c8d') in 0.045792 seconds
Number of updated asset objects reloaded before import = 0
Number of asset objects unloaded after import = 58
========================================================================
Received Import Request.
  Time since last request: 33.110698 seconds.
  path: Assets/Prefabs/Bullet.prefab
  artifactKey: Guid(7385c6b722702be4392791ccad16061e) Importer(815301076,1909f56bfc062723c751e8b465ee728b)
Start importing Assets/Prefabs/Bullet.prefab using Guid(7385c6b722702be4392791ccad16061e) Importer(815301076,1909f56bfc062723c751e8b465ee728b) [PhysX] Initialized MultithreadedTaskDispatcher with 16 workers.
[PhysX] Initialized MultithreadedTaskDispatcher with 16 workers.
 -> (artifact id: '8283e6f1b056c3a170f82a783c41b191') in 0.031519 seconds
Number of updated asset objects reloaded before import = 0
Number of asset objects unloaded after import = 58
========================================================================
Received Import Request.
  Time since last request: 10.571455 seconds.
  path: Assets/JMO Assets
  artifactKey: Guid(22e43aa0f71c66e4480081fe3cc03bfd) Importer(815301076,1909f56bfc062723c751e8b465ee728b)
Start importing Assets/JMO Assets using Guid(22e43aa0f71c66e4480081fe3cc03bfd) Importer(815301076,1909f56bfc062723c751e8b465ee728b) [PhysX] Initialized MultithreadedTaskDispatcher with 16 workers.
 -> (artifact id: 'f44ba38c03b15fa72b0166cabe374f81') in 0.000549 seconds
Number of updated asset objects reloaded before import = 0
Number of asset objects unloaded after import = 0
========================================================================
Received Prepare
Caller must complete domain reload
Begin MonoManager ReloadAssembly
- Loaded All Assemblies, in  0.643 seconds
Native extension for WindowsStandalone target not found
Native extension for Android target not found
Native extension for WebGL target not found
Mono: successfully reloaded assembly
- Finished resetting the current domain, in  1.380 seconds
Domain Reload Profiling: 2019ms
	BeginReloadAssembly (137ms)
		ExecutionOrderSort (0ms)
		DisableScriptedObjects (5ms)
		BackupInstance (0ms)
		ReleaseScriptingObjects (0ms)
		CreateAndSetChildDomain (30ms)
	RebuildCommonClasses (30ms)
	RebuildNativeTypeToScriptingClass (10ms)
	initialDomainReloadingComplete (27ms)
	LoadAllAssembliesAndSetupDomain (436ms)
		LoadAssemblies (484ms)
		RebuildTransferFunctionScriptingTraits (0ms)
		AnalyzeDomain (24ms)
			TypeCache.Refresh (10ms)
				TypeCache.ScanAssembly (0ms)
			ScanForSourceGeneratedMonoScriptInfo (6ms)
			ResolveRequiredComponents (6ms)
	FinalizeReload (1380ms)
		ReleaseScriptCaches (0ms)
		RebuildScriptCaches (0ms)
		SetupLoadedEditorAssemblies (426ms)
			LogAssemblyErrors (0ms)
			InitializePlatformSupportModulesInManaged (18ms)
			SetLoadedEditorAssemblies (3ms)
			RefreshPlugins (0ms)
			BeforeProcessingInitializeOnLoad (85ms)
			ProcessInitializeOnLoadAttributes (296ms)
			ProcessInitializeOnLoadMethodAttributes (17ms)
			AfterProcessingInitializeOnLoad (7ms)
			EditorAssembliesLoaded (0ms)
		ExecutionOrderSort2 (0ms)
		AwakeInstancesAfterBackupRestoration (5ms)
Shader 'WFX/Transparent Specular': fallback shader 'Particles/Alpha Blended' not found
Shader 'WFX/Transparent Diffuse': fallback shader 'Particles/Alpha Blended' not found
Refreshing native plugins compatible for Editor in 6.52 ms, found 3 plugins.
Preloading 0 native plugins for Editor in 0.00 ms.
Unloading 3122 Unused Serialized files (Serialized files now loaded: 0)
Unloading 27 unused Assets / (34.8 KB). Loaded Objects now: 3680.
Memory consumption went from 125.1 MB to 125.0 MB.
Total: 2.981600 ms (FindLiveObjects: 0.227300 ms CreateObjectMapping: 0.188900 ms MarkObjects: 2.521400 ms  DeleteObjects: 0.043300 ms)

Prepare: number of updated asset objects reloaded= 11
AssetImportParameters requested are different than current active one (requested -> active):
  custom:container-demuxer-ogg: 62fdf1f143b41e24485cea50d1cbac27 -> 
  custom:video-codec-MediaFoundation-h265: 746d11721c4dcdbdad8f713fa42b33f4 -> 
  custom:video-decoder-ogg-theora: a1e56fd34408186e4bbccfd4996cb3dc -> 
  custom:framework-win-MediaFoundation: 216162199b28c13a410421893ffa2e32 -> 
  custom:CustomObjectIndexerAttribute: 9a22284fe3817be447336de3de66b15e -> 
  custom:container-demuxer-webm: 4f35f7cbe854078d1ac9338744f61a02 -> 
  custom:container-muxer-webm: aa71ff27fc2769a1b78a27578f13a17b -> 
  custom:video-decoder-webm-vp8: 9c59270c3fd7afecdb556c50c9e8de78 -> 
  custom:SearchIndexIgnoredProperties: e643bd26f0fe6173181afceb89e7c659 -> 
  custom:AudioImporter_EditorPlatform: d09bf68614088b80899f8185d706f6e7 -> 
  custom:video-encoder-webm-vp8: eb34c28f22e8b96e1ab97ce403110664 -> 
  custom:audio-decoder-ogg-vorbis: bf7c407c2cedff20999df2af8eb42d56 -> 
  custom:audio-encoder-webm-vorbis: bf7c407c2cedff20999df2af8eb42d56 -> 
  custom:scripting/precompiled-assembly-types:Assembly-CSharp: 66ff1187f0117e2f0b29ead68a387120 -> 16de4a5b31243163fd94df14e10ee883
  custom:scripting/precompiled-assembly-types:Assembly-CSharp-Editor:  -> 7e78a11eb2a919df47b49c6bdf533d62
========================================================================
Received Prepare
Caller must complete domain reload
Begin MonoManager ReloadAssembly
Symbol file LoadedFromMemory is not a mono symbol file
- Loaded All Assemblies, in  0.534 seconds
Native extension for WindowsStandalone target not found
Native extension for Android target not found
Native extension for WebGL target not found
Mono: successfully reloaded assembly
- Finished resetting the current domain, in  0.736 seconds
Domain Reload Profiling: 1264ms
	BeginReloadAssembly (222ms)
		ExecutionOrderSort (0ms)
		DisableScriptedObjects (6ms)
		BackupInstance (0ms)
		ReleaseScriptingObjects (0ms)
		CreateAndSetChildDomain (46ms)
	RebuildCommonClasses (70ms)
	RebuildNativeTypeToScriptingClass (13ms)
	initialDomainReloadingComplete (38ms)
	LoadAllAssembliesAndSetupDomain (185ms)
		LoadAssemblies (289ms)
		RebuildTransferFunctionScriptingTraits (0ms)
		AnalyzeDomain (24ms)
			TypeCache.Refresh (22ms)
				TypeCache.ScanAssembly (11ms)
			ScanForSourceGeneratedMonoScriptInfo (0ms)
			ResolveRequiredComponents (0ms)
	FinalizeReload (737ms)
		ReleaseScriptCaches (0ms)
		RebuildScriptCaches (0ms)
		SetupLoadedEditorAssemblies (319ms)
			LogAssemblyErrors (0ms)
			InitializePlatformSupportModulesInManaged (18ms)
			SetLoadedEditorAssemblies (3ms)
			RefreshPlugins (0ms)
			BeforeProcessingInitializeOnLoad (121ms)
			ProcessInitializeOnLoadAttributes (131ms)
			ProcessInitializeOnLoadMethodAttributes (18ms)
			AfterProcessingInitializeOnLoad (29ms)
			EditorAssembliesLoaded (0ms)
		ExecutionOrderSort2 (0ms)
		AwakeInstancesAfterBackupRestoration (8ms)
Refreshing native plugins compatible for Editor in 8.27 ms, found 3 plugins.
Preloading 0 native plugins for Editor in 0.00 ms.
Unloading 4488 Unused Serialized files (Serialized files now loaded: 0)
Unloading 59 unused Assets / (4.2 MB). Loaded Objects now: 4990.
Memory consumption went from 159.0 MB to 154.8 MB.
Total: 5.282700 ms (FindLiveObjects: 0.482500 ms CreateObjectMapping: 0.549400 ms MarkObjects: 3.065400 ms  DeleteObjects: 1.183900 ms)

Prepare: number of updated asset objects reloaded= 0
AssetImportParameters requested are different than current active one (requested -> active):
  custom:scripting/monoscript/fileName/Decorators.cs: 4533f6715dc3f8cdabbd37ff77d1dad7 -> 
  custom:scripting/monoscript/fileName/InvertVector3Processor.cs: 26cd309c39f83c2c220d5ebd4cff9df8 -> 
  custom:scripting/monoscript/fileName/GridSelectionEditor.cs: b0830b2bf3f4ec3f6b4728180aba6475 -> 
  custom:scripting/monoscript/fileName/IFileSystem.cs: d0a5668d9c43d0a16eec8fa2a37aa20c -> 
  custom:scripting/monoscript/fileName/IInputInteraction.cs: 904998db3f6a68004028b91c21d88b1a -> 
  custom:scripting/monoscript/fileName/InputActionsEditorWindow.cs: 8d3ebe99f7363f8597b1bc5b533b4185 -> 
  custom:scripting/monoscript/fileName/GridSelectionMoveTool.cs: 045959d7a1acd1d565cd175dc65f7851 -> 
  custom:scripting/monoscript/fileName/Common.cs: 6ffc11e45ee8ab7a7d4178988978e63b -> 
  custom:scripting/monoscript/fileName/GlobalSettings.cs: e5eb35b80bdfaee4ead1e1630fd77998 -> 
  custom:scripting/monoscript/fileName/uint3x3.gen.cs: b354ea0e62ee3ca695eba400f73bf8a2 -> 
  custom:scripting/monoscript/fileName/SetSamplingFrequencyCommand.cs: 47d086117c0acad03de65dbcce09e259 -> 
  custom:scripting/monoscript/fileName/PostProcessEffectBaseEditor.cs: 972bdf00f442be0d879dcb6868e25c8e -> 
  custom:scripting/monoscript/fileName/PostProcessRenderContext.cs: 9e034c8bf7d42a1d6c2d4339915eccb0 -> 
  custom:scripting/monoscript/fileName/BurstCompiler.cs: 7b21670e31210e9f8a136d10cb1b9317 -> 
  custom:scripting/precompiled-assembly-types:Analytics: 05bf11764c25f7dcaad78f3406254b5b -> 
  custom:scripting/monoscript/fileName/IService.cs: afa2330a6d32be2e7a659227e3bf813e -> 
  custom:scripting/monoscript/fileName/BurstDisassembler.Core.Wasm.info.cs: b15d06942db1ac71042be253eef84e7f -> 
  custom:scripting/monoscript/fileName/double4.gen.cs: c861322ff5ab8c01e3e4b508791cf124 -> 
  custom:scripting/monoscript/fileName/DependencyTreeExceptions.cs: 8d717c8797566529cf594f9aab3c0409 -> 
  custom:scripting/monoscript/fileName/IDiagnosticsComponentProvider.cs: dbeac349f8c5591a0ab13c5e6354061e -> 
  custom:scripting/monoscript/fileName/VirtualMouseInput.cs: 67f0cdcee58d73f567f812ce40725c08 -> 
  custom:scripting/monoscript/fileName/InputActionAssetEditor.cs: 914308c3151ec238724259dd5bda1b94 -> 
  custom:scripting/monoscript/fileName/rigid_transform.cs: 36bbdd985ffacdf5ee0745cfd3a1f08d -> 
  custom:scripting/monoscript/fileName/Factories.Gen.cs: c9550e2a227c017a16a3e473be870754 -> 
  custom:scripting/monoscript/fileName/CoreRegistration.cs: afa90de4a402b0848ad8b60755b1ca20 -> 
  custom:scripting/monoscript/fileName/WarpMousePositionCommand.cs: 01384d8ffa6a4ca8ee07bdccdac35b25 -> 
  custom:scripting/monoscript/fileName/CloudProjectId.cs: 61b53512fd04ee0daa00dda45457438b -> 
  custom:scripting/monoscript/fileName/IInputActionCollection.cs: 48d624420401ff220daba7d5ae2b1364 -> 
  custom:scripting/monoscript/fileName/InputActionInspector.cs: feb294aa54880b2096f97ebf1b199a15 -> 
  custom:scripting/monoscript/fileName/RequestSyncCommand.cs: 77a116703141a2eb2b4f13048db47d70 -> 
  custom:scripting/monoscript/fileName/Spline.cs: 7876820de12ed89d33ad838af99a030e -> 
  custom:scripting/monoscript/fileName/IServiceRegistry.cs: 27b0be3a7d5fbabc2f8cff0f28316b4a -> 
  custom:scripting/monoscript/fileName/InputStateBuffers.cs: 093dce8d3186118dd5042dafab7ae9e8 -> 
  custom:scripting/monoscript/fileName/ServicesInitialization.cs: 5bc34492fe95212cc8524c8c7be8ec36 -> 
  custom:scripting/monoscript/fileName/ColorGrading.cs: ef67493fb3cf9676ba5f25862510a595 -> 
  custom:scripting/monoscript/fileName/Commands.cs: cb9fa3c35854f5d98583a7253135dbae -> 
  custom:scripting/monoscript/fileName/IAnalyticsService.cs: edc9629edf64eb660ec758a4025c4bfc -> 
  custom:scripting/monoscript/fileName/PropertyAttributes.cs: f9be6ff8022c2b7e9364b782f234d192 -> 
  custom:scripting/monoscript/fileName/Monitor.cs: e0eb5d32b3aade2e0ce8680b00ac2b78 -> 
  custom:scripting/monoscript/fileName/InputActionCodeGenerator.cs: fca5f00d4b3eb657093524f16bf7bf13 -> 
  custom:scripting/monoscript/fileName/SerializableProjectConfiguration.cs: 8d2aa3b56842beb1ee3e05f5a4e2f3c4 -> 
  custom:scripting/monoscript/fileName/BurstInspectorGUI.cs: 3b3371d5330c1720f59a915caa210691 -> 
  custom:scripting/monoscript/fileName/OnScreenButton.cs: 4ede847d94836cf5ca72c0d673a25a55 -> 
  custom:scripting/monoscript/fileName/IVivox.cs: 6d92ea4b822d1fa7e4b8787c59760673 -> 
  custom:scripting/precompiled-assembly-types:Unity.Postprocessing.Runtime: 655cd018e42ac91ed9a03cfbdae17956 -> 
  custom:scripting/monoscript/fileName/DpadControl.cs: cfb85ad133fb5cf56fdc4c985aa8f908 -> 
  custom:scripting/monoscript/fileName/UnityCreateAddressRequest.cs: 231eb736f0a651a8ee21e6aa579173ae -> 
  custom:scripting/monoscript/fileName/PlayerInputEditorAnalytic.cs: b1392348245ec40314ceb7254dc1a14c -> 
  custom:scripting/monoscript/fileName/SwitchProControllerHID.cs: 78f82bd2c370087351de0e08672adca7 -> 
  custom:scripting/monoscript/fileName/InputLayoutCodeGenerator.cs: 9639b5848dc57960c08578d20d665948 -> 
  custom:scripting/monoscript/fileName/UnityRemoteSupport.cs: 982f96b2b3bcf7b6fe852779285ed35f -> 
  custom:scripting/monoscript/fileName/TwoModifiersComposite.cs: eb122d12dc9485d1b7f97cc256726e8b -> 
  custom:scripting/monoscript/fileName/Aliasing.cs: fa54b7e36cebab64c6f4b438ce5bbbb0 -> 
  custom:scripting/monoscript/fileName/UnityListOrganizationFavoriteProjects200Response.cs: 2acfbc626d621e368ef9190462157b7a -> 
  custom:scripting/monoscript/fileName/InputActionState.cs: 0b37a93989f6e5de9afaeb4201ff9fd1 -> 
  custom:scripting/monoscript/fileName/BurstAotCompiler.cs: a41b7d0d053e0898c09eec7c4f1c3c21 -> 
  custom:scripting/monoscript/fileName/InternedString.cs: 95f1db197e52a5e6ea3f009cd95df5ed -> 
  custom:scripting/monoscript/fileName/DisableDeviceCommand.cs: 0ad271a8bb040421b84ee6fbd5f9b9ad -> 
  custom:scripting/monoscript/fileName/NameAndParametersListView.cs: 6b2e9afd9a08605223a1cff5c676f43a -> 
  custom:scripting/monoscript/fileName/uint4x4.gen.cs: 7732c53bd697b7eb03dd735297da0fc1 -> 
  custom:scripting/monoscript/fileName/NormalizeVector3Processor.cs: a9fdcc08cb92f00cadc525b362b15ecf -> 
  custom:scripting/monoscript/fileName/GenericXRDevice.cs: 31f8338285464e5a41cc62a6bcd45bcc -> 
  custom:scripting/monoscript/fileName/IServiceComponent.cs: 56d2b4986149318278267c2a2e499b7e -> 
  custom:scripting/monoscript/fileName/IPlayerId.cs: 8ec284f91dceb8f1818908be17c609b0 -> 
  custom:scripting/monoscript/fileName/TemporalAntialiasing.cs: 71e40fdab49d34f4e07f83936454d904 -> 
  custom:scripting/monoscript/fileName/GoogleVR.cs: 99c1f4b0215996dade99604b61c7ec12 -> 
  custom:container-demuxer-ogg: 62fdf1f143b41e24485cea50d1cbac27 -> 
  custom:scripting/monoscript/fileName/OpenVR.cs: 77f0de6828ff8ecbd33f19acd04444f7 -> 
  custom:scripting/monoscript/fileName/SpriteEditorWindow.cs: 1629bd700639d5abf7ee9c1a15128fda -> 
  custom:scripting/monoscript/fileName/CommonErrorCodes.cs: 75f302fd69f29841b35f2306c97082ed -> 
  custom:scripting/monoscript/fileName/SessionManager.cs: 191e049cd8afef0a97b2cc36fc14b998 -> 
  custom:scripting/monoscript/fileName/SpriteRect.cs: 8da6d12a5fbd75a0eba31cfa62842428 -> 
  custom:scripting/monoscript/fileName/int2.gen.cs: ba08380188673eb89fbe6c63125635e5 -> 
  custom:scripting/monoscript/fileName/FastMouse.partial.cs: c1eb115b9947f2d7660b6624e6d2a006 -> 
  custom:scripting/monoscript/fileName/v64.cs: 73e2a46ccd31f5cae0a785e2a9658313 -> 
  custom:scripting/monoscript/fileName/IChannelTokenProvider.cs: d41d74d962184eab5928b0b3bdda1ee9 -> 
  custom:scripting/monoscript/fileName/TilePaletteBrushesDropdownMenu.cs: 83cccb1cc3875d5c0f94901c5a82ccab -> 
  custom:scripting/monoscript/fileName/AmbientOcclusion.cs: 7a27923f9312611f0b2898a72e3ee96a -> 
  custom:scripting/monoscript/fileName/EditorGameServiceRegistry.cs: 0265fd85a62bd33c32f256257ebc576f -> 
  custom:scripting/monoscript/fileName/iOSPostProcessBuild.cs: 9511a85ceb885fe21fc0fd0763de6cf3 -> 
  custom:scripting/monoscript/fileName/InputControlPicker.cs: 6b00d000a225762ecd654d2e2099bede -> 
  custom:scripting/monoscript/fileName/Avx2.cs: 790f25d56fba1e7a48c0a0766c0ad6a6 -> 
  custom:scripting/monoscript/fileName/IHaptics.cs: 5c70e747929f1a71eccdc11041ef53fe -> 
  custom:scripting/monoscript/fileName/BurstDisassembler.Core.x86.cs: b15d06942db1ac71042be253eef84e7f -> 
  custom:scripting/monoscript/fileName/ProgressBar.Gen.cs: 09dcf9975c3de3bc94763c35db49d364 -> 
  custom:scripting/monoscript/fileName/DownloadableSample.cs: 89120054f688b631c9ee6f5097128d97 -> 
  custom:scripting/monoscript/fileName/EngineStateHelper.cs: ebfe492ca39645883d66825c2e77f1d0 -> 
  custom:scripting/monoscript/fileName/TouchControl.cs: bc4be08888a45c76e7675bb7d2381412 -> 
  custom:scripting/monoscript/fileName/EnvironmentProvider.cs: e6441984086d3ec4f02dd82b6dec6df1 -> 
  custom:scripting/monoscript/fileName/PackageInitializationInfo.cs: 82c881c6d5f9d1b5f2eba332919bcd1c -> 
  custom:scripting/monoscript/fileName/InputSettingsProvider.cs: 55efa11d734238bd9457a22f10f10dfd -> 
  custom:scripting/precompiled-assembly-types:Unity.Burst.Unsafe: 4f83dd30d4d7964b63b36d2fe1e95684 -> 
  custom:scripting/monoscript/fileName/PostProcessDebugLayer.cs: 6d8a99809398beddf11f92dfbb0e6ad4 -> 
  custom:scripting/monoscript/fileName/int4.gen.cs: 6202c51352f8408238811f81cf17884b -> 
  custom:scripting/monoscript/fileName/Keyboard.cs: 7ecd46b364aabed617ca2aa518d013e5 -> 
  custom:scripting/monoscript/fileName/InputDevice.cs: 5d904dd2c22e502aeeaf9ca9e6633e24 -> 
  custom:scripting/monoscript/fileName/AnalyticsForgetter.cs: 9f4cdfad270865ba2164b32f64ee9ca0 -> 
  custom:scripting/monoscript/fileName/ColorUtilities.cs: 47918ebfa890b947a816b80444ee2882 -> 
  custom:scripting/monoscript/fileName/AssetDatabaseUtils.cs: 16fdccb6c938cab8182dd1d0753a165b -> 
  custom:scripting/monoscript/fileName/AnalyticsService.cs: 16dff72e18d5a1cad75da198d3639ad1 -> 
  custom:scripting/monoscript/fileName/Oculus.cs: 2edcd533dd4b371bb248051a8fa77761 -> 
  custom:scripting/precompiled-assembly-types:Unity.InputSystem.TestFramework: 18c8ece9ac89a0ac0b18af11a09a1b49 -> 
  custom:scripting/monoscript/fileName/DisabledDiagnostics.cs: dca147f0ee6a8cbd3c40d0fb15b26062 -> 
  custom:scripting/precompiled-assembly-types:Unity.VisualScripting.Core: 46ef025d7d85766a5cbba5515191ec39 -> 0a21fb0e1386cc0544df7b99dc92b4ac
  custom:scripting/monoscript/fileName/LockedServiceRegistry.cs: ea77a1a45ffb4a9bcd250cb8233d16f9 -> 
  custom:scripting/monoscript/fileName/JsonHelper.cs: 0b5759f67f92e2eb09febb2082aca955 -> 
  custom:scripting/monoscript/fileName/ResponseHandler.cs: d3309722a6b35e47fbfcd01d3512a138 -> 
  custom:scripting/monoscript/fileName/noise3D.cs: 2eb29bf877494e27d7b8d68303a33727 -> 
  custom:scripting/monoscript/fileName/InputActionDebuggerWindow.cs: 872825097bc1ef1faa83af3d2b00a7e1 -> 
  custom:scripting/monoscript/fileName/ParameterOverride.cs: 5475497db741ca919df708e5019e593d -> 
  custom:scripting/monoscript/fileName/BurstDisassembler.Core.LLVMIR.cs: b15d06942db1ac71042be253eef84e7f -> 
  custom:scripting/monoscript/fileName/AssemblyInfo.cs: 53d0e8986685ee279f50bdc53646eeb9 -> 
  custom:scripting/monoscript/fileName/TilePaletteDragHandler.cs: 33cd7bc1b72f7f8ce9b6c5eb96821cb4 -> 
  custom:scripting/monoscript/fileName/IEventPreProcessor.cs: 7295c10dcae8814a8292aa0ee947599f -> 
  custom:scripting/monoscript/fileName/TextureLerper.cs: 973e800795f77d61d647ea0c3f0cf284 -> 
  custom:scripting/monoscript/fileName/MetricsFactory.cs: ff8596a1ccea2041a0c0cfe2841c8f74 -> 
  custom:scripting/precompiled-assembly-types:Unity.Services.Core: 6658084c01118ae8f1ea78527e00c6d1 -> 
  custom:scripting/monoscript/fileName/IntegerControl.cs: 888315a91a2577ba62858fefb74b01da -> 
  custom:scripting/monoscript/fileName/ViewStateCollection.cs: 90647cc400823b41df847a6cbfc29026 -> 
  custom:scripting/precompiled-assembly-types:Unity.Postprocessing.Editor: 23b49e25b965492466cd147d7735360a -> 
  custom:scripting/monoscript/fileName/ISpriteEditorModule.cs: f35f8b8d39dcfd448fbbe9ea48566c2f -> 
  custom:scripting/monoscript/fileName/AxisComposite.cs: 1d621e0a38eeaf9c6bf951c6575617dc -> 
  custom:scripting/monoscript/fileName/float4x2.gen.cs: a70cf4e9d29e9357ba0e68d3ee43ce34 -> 
  custom:scripting/monoscript/fileName/QueryUserIdCommand.cs: a01aca235669f681cb2e5d6ae8addaa9 -> 
  custom:scripting/monoscript/fileName/EnvironmentsClient.cs: 9c80a43488077f46562fa053df484911 -> 
  custom:scripting/monoscript/fileName/ExternalUserIdProperty.cs: e9524414c13dc2d0db279d48f3b164ab -> 
  custom:scripting/monoscript/fileName/ReadOnlyObservableCollection.Gen.cs: 90647cc400823b41df847a6cbfc29026 -> 
  custom:scripting/monoscript/fileName/CreateTileFromPaletteAttribute.cs: 49ba01e4cbae8c43831d8f68d552a9ea -> 
  custom:scripting/monoscript/fileName/DisabledMetrics.cs: bbb9bc05cfe10f1818b0676306a0b1b1 -> 
  custom:scripting/monoscript/fileName/CoreLogger.cs: 1639b74467b5a585128e7c7cefe73635 -> 
  custom:scripting/monoscript/fileName/Environments.cs: 8b1687fd15649a52827b18b8b452a28f -> 
  custom:scripting/monoscript/fileName/NormalizeProcessor.cs: 3de4423bc603683c7ace908ef059b016 -> 
  custom:scripting/monoscript/fileName/Vignette.cs: e0b99ac31b7575ef776e7be56647abb0 -> 
  custom:scripting/monoscript/fileName/Bmi2.cs: 790f25d56fba1e7a48c0a0766c0ad6a6 -> 
  custom:scripting/monoscript/fileName/InputDeviceDebuggerWindow.cs: d5d7f249a0c7e26b5c99aed83ca56ee7 -> 
  custom:scripting/monoscript/fileName/DepthOfFieldEditor.cs: 64cce655bf722c851048e2ebbf401a7b -> 
  custom:scripting/monoscript/fileName/DefaultPostProcessEffectEditor.cs: 06a1d8fcea7725e08b95f21cc15fd0a1 -> 
  custom:scripting/monoscript/fileName/InputMetrics.cs: a5c225dbed9a189ed621c2052e3e4812 -> 
  custom:scripting/monoscript/fileName/SimdDebugViews.cs: ee065a215655effb5244eeef3e220fd7 -> 
  custom:scripting/monoscript/fileName/XInputControllerWindows.cs: ccd364aacdd4c07fc90a580603986127 -> 
  custom:scripting/monoscript/fileName/VisibilityPropertyDrawer.cs: 70b7b4d25eb9ea5fda3178a1b5e85242 -> 
  custom:scripting/monoscript/fileName/TouchHistory.cs: 0bd5153c399a7814148eb0529881c327 -> 
  custom:scripting/monoscript/fileName/InputBuildAnalytic.cs: f81540d67d1aa26eb7a9f69c8f0a2ca2 -> 
  custom:scripting/monoscript/fileName/DisabledMetricsFactory.cs: 358d9e7c090aa1eaa30e6a5f02610459 -> 
  custom:scripting/monoscript/fileName/TouchscreenControlPickerLayout.cs: 2125296fdeb3923857d26aa69c1c47f2 -> 
  custom:scripting/monoscript/fileName/PostProcessLayer.cs: aa288976158dcd4c24041d5304f25d07 -> 
  custom:scripting/monoscript/fileName/InputUserSettings.cs: 916cc29923c01ad422d1a009d6775681 -> 
  custom:scripting/monoscript/fileName/IInputRuntime.cs: 683baa8e477b4ccf74f0b797af7a5130 -> 
  custom:scripting/monoscript/fileName/HIDSupport.cs: 099f7abf8a3ee4aa9bd36bc75ccbfefb -> 
  custom:scripting/monoscript/fileName/UnityAnalyticsIdentifier.cs: 40be8e11923159cf7c61c72c1a1b26dd -> 
  custom:scripting/monoscript/fileName/SettingsCommonHeaderUiHelper.cs: 394582b395d6aebbb1e6e49abf6a1645 -> 
  custom:scripting/monoscript/fileName/IEditorAnalyticsEventRegistrant.cs: c4a0f7089b5b21ceafb7834c915d762f -> 
  custom:scripting/monoscript/fileName/InputActionAssetDrawer.cs: d6ab25673dcad72353a86d2c257cf56a -> 
  custom:video-codec-MediaFoundation-h265: 746d11721c4dcdbdad8f713fa42b33f4 -> 
  custom:scripting/monoscript/fileName/EraseTool.cs: b2930b433d7a76d09c5103fd6fa9815b -> 
  custom:scripting/monoscript/fileName/AsyncOperationBase.cs: adfca800027e0922d59797ee493a2672 -> 
  custom:scripting/monoscript/fileName/BurstDisassembler.Core.ARM64.cs: b15d06942db1ac71042be253eef84e7f -> 
  custom:scripting/monoscript/fileName/IJsonSerializer.cs: 952e0b7cbb25051b8e0e85eda2a653c8 -> 
  custom:scripting/precompiled-assembly-types:Unity.Services.Core.Internal: c96c928c37d481d9497b4d4112bb56c7 -> 
  custom:scripting/monoscript/fileName/ButtonWithOneModifier.cs: 68f005a2616c543c53a81e953d2b1c97 -> 
  custom:scripting/monoscript/fileName/GridPaletteBrushes.cs: f682962b899ca3732c6892c2e8583713 -> 
  custom:scripting/monoscript/fileName/PropertiesView.cs: c59821d7c86674bb332a549eb1431928 -> 
  custom:scripting/monoscript/fileName/HttpClientResponse.cs: 9313baa475ddca44cec07c4995e4adab -> 
  custom:scripting/monoscript/fileName/QuaternionControl.cs: a9008c1888de55a3e771c5cf20b7f3d9 -> 
  custom:scripting/monoscript/fileName/XmlLinkedEvent.cs: efe4e7e159b94963c650fb293df0f9ff -> 
  custom:scripting/monoscript/fileName/InputDiagnostics.cs: 33a0d887634ac60a4b86fe7315969c5c -> 
  custom:scripting/monoscript/fileName/half3.gen.cs: 935b3c49f9c5126f28352e4a48406e0a -> 
  custom:scripting/precompiled-assembly-types:Unity.Burst.Editor: 1bb453082d9d949b60d566d3187c97d1 -> 
  custom:scripting/monoscript/fileName/UnityUserOrganizationsV1OrganizationsInner.cs: 440e6e939c241944b318429e561d5df2 -> 
  custom:scripting/monoscript/fileName/PathUtils.Gen.cs: 5ddc0068a1cf521fafc42781cf03a3a9 -> 
  custom:scripting/monoscript/fileName/IEditorGameServiceRegistry.cs: 4894c70fd515017ae46efb4f44f8b3e2 -> 
  custom:scripting/monoscript/fileName/ActionsTreeView.cs: de360b50e6ef7ddc0e466b1b7cd8a59b -> 
  custom:scripting/monoscript/fileName/AsyncOpRetry.cs: 7d4b426ab21943de744ee7f413070273 -> 
  custom:scripting/monoscript/fileName/RequestFailedException.cs: a9eaec06c59248353e0ced5cdc95723f -> 
  custom:scripting/monoscript/fileName/Bmi1.cs: 790f25d56fba1e7a48c0a0766c0ad6a6 -> 
  custom:scripting/precompiled-assembly-types:Unity.Services.Analytics: 5a850fa58a703d361dae8597eeaf1521 -> 
  custom:scripting/monoscript/fileName/InputActionReferencePropertyDrawer.cs: d7066bc71ca46a2d2287543264cb0e6a -> 
  custom:scripting/monoscript/fileName/InputActionTrace.cs: 004f24f75c0a176ffc4990497785b33c -> 
  custom:scripting/monoscript/fileName/GameObjectCreation.cs: 51d13e20836ef3a10ad0ebed59bdbde4 -> 
  custom:scripting/monoscript/fileName/IUserRoleRequest.cs: ccc5b229323b6e9c080254df6d4b51cb -> 
  custom:scripting/monoscript/fileName/BoxTool.cs: 99a18cad4f2fa1ae8d04c0625e0f7a94 -> 
  custom:scripting/monoscript/fileName/DependencyTreeExtensions.cs: 63e3c71f0d430a351e6159f69f0a0682 -> 
  custom:scripting/monoscript/fileName/XmlLinkedModelsExtensions.cs: 9e8a2b9216079ba87ebfd084960b4ac0 -> 
  custom:scripting/monoscript/fileName/SelectManyObservable.cs: 0cdf409b5aa8d4c25876d72b5c6a3b60 -> 
  custom:scripting/monoscript/fileName/MaxAttribute.cs: d661645ab8c724f24b3e19978e87b44c -> 
  custom:scripting/monoscript/fileName/UnityThreadUtils.cs: 6f10d79f183f36877232e308ffa4d195 -> 
  custom:scripting/monoscript/fileName/Notifications.Gen.cs: 0b77852ac67d3ab84f489a2ddbdf8168 -> 
  custom:scripting/monoscript/fileName/EditorGameServiceRemoteConfiguration.cs: 0cdf409b5aa8d4c25876d72b5c6a3b60 -> 
  custom:scripting/precompiled-assembly-types:Unity.Services.Core.Components: b1235f9078edc76fe980fa236b46b6b1 -> 
  custom:scripting/monoscript/fileName/UnityUploadIconV1201Response.cs: a7cab146027c2f1549f57a603ca22560 -> 
  custom:scripting/monoscript/fileName/XInputSupport.cs: f0d85607abbb4b1149b4034019ff04ed -> 
  custom:scripting/monoscript/fileName/PostProcessDebugEditor.cs: 1a0488d8742bf880cc7334e53e2cc73d -> 
  custom:scripting/monoscript/fileName/EnvironmentsApi.cs: d5d1f45bf03abd7dd2f469acfd3b5bcb -> 
  custom:scripting/monoscript/fileName/BurstDisassembler.Core.cs: e5f812d5efcd2a5c78433604ae4d6b38 -> 
  custom:scripting/monoscript/fileName/GridBrushesDropdown.cs: c2b0d8f0bca0a3921a0149a2aaafe361 -> 
  custom:scripting/monoscript/fileName/AnalyticsUserIdServiceComponent.cs: a72e2475ec908045ada28e600538ea02 -> 
  custom:scripting/monoscript/fileName/uint2x4.gen.cs: 817d68c720fa6aa9b67a61d7c1b206d0 -> 
  custom:scripting/monoscript/fileName/EnvironmentsOptionsExtensions.cs: 1e2776231b4e06a0e9b293a3623d643e -> 
  custom:scripting/monoscript/fileName/DisabledDiagnosticsFactory.cs: 92ef54fd2e9d3765db37c6ce29121dc7 -> 
  custom:scripting/monoscript/fileName/IServerEnvironmentId.cs: fff64b157cd649d3d948016718fba14e -> 
  custom:scripting/monoscript/fileName/ScopedDisposable.cs: 7ebf7a651ffc8d05c809efd03f93f270 -> 
  custom:scripting/monoscript/fileName/InputControlDropdownItem.cs: 291d3f968f0e593f58e13b38fe2742b3 -> 
  custom:video-decoder-ogg-theora: a1e56fd34408186e4bbccfd4996cb3dc -> 
  custom:scripting/monoscript/fileName/SerializedParameterOverride.cs: 5e4deaf96895d013d32a8e84ec179f8e -> 
  custom:scripting/monoscript/fileName/MeshUtilities.cs: dc5356b699afd34cf9728f4d65b476a0 -> 
  custom:scripting/monoscript/fileName/EnvironmentSaveSystem.cs: 931610e413c03621f898c65e36f44fc6 -> 
  custom:scripting/monoscript/fileName/ComponentRegistry.cs: 2fefa8b1f349de188d35295b3042e694 -> 
  custom:scripting/monoscript/fileName/ProjectStateRequest.cs: 6ba5b48af1466d2a4dbb6e908352d7c6 -> 
  custom:scripting/monoscript/fileName/AmbientOcclusionEditor.cs: 61e5422c29b8f52188d508eb7d382167 -> 
  custom:scripting/monoscript/fileName/ProjectBindRedirectPopupWindow.cs: 03988f1b5263bdfb55c00f001c224465 -> 
  custom:scripting/monoscript/fileName/bool4.gen.cs: ca7c0171e1585aef1c2900b66db0977a -> 
  custom:scripting/monoscript/fileName/IEnvironmentSaveSystem.cs: 8319bf770542e6764e5512ea06d2b015 -> 
  custom:scripting/monoscript/fileName/MemoryHelpers.cs: 53156631467fa40859bc9c1f8f88bb12 -> 
  custom:scripting/monoscript/fileName/MenuItems.cs: 3ea3522373e3b4d2ef39113c39531efd -> 
  custom:scripting/monoscript/fileName/OrganizationProvider.cs: f2089b4351294d4815b134a51aba3d17 -> 
  custom:scripting/monoscript/fileName/EnvironmentsClientFactory.cs: 325dec75592389c16ac743f438f24960 -> 
  custom:scripting/monoscript/fileName/ConfigurationCollectionHelper.cs: cb4dac2b34c76624ca64d0ad91214a93 -> 
  custom:scripting/monoscript/fileName/TilemapPrefabStageHelper.cs: 44f1fd774e027e09010c4cea43a89765 -> 
  custom:scripting/monoscript/fileName/CoreStatsHelper.cs: a2c209429d8a834da903562dd6643c4a -> 
  custom:scripting/monoscript/fileName/CallbackDataSource.cs: 6f704c385b696082180aa49bed32c026 -> 
  custom:scripting/monoscript/fileName/AdvancedDropdownDataSource.cs: 428d52d44c12b04eddf300f83f94fb9c -> 
  custom:scripting/monoscript/fileName/DictionaryExtensions.cs: d37b3043b5339f13af7295850374111a -> 
  custom:scripting/monoscript/fileName/FastApproximateAntialiasing.cs: bf5588b2deec2689a812a7d2eacd9bd5 -> 
  custom:scripting/monoscript/fileName/GridEditorUtility.cs: 79caab27569f1aaf1370483b77a0eed6 -> 
  custom:scripting/monoscript/fileName/AsyncOperationExtensions.cs: 1fabcad386c6a3966bbd7925c1ec32e2 -> 
  custom:scripting/monoscript/fileName/BaseApiClient.cs: 8db05afd887e7e24cdb4782d155e924b -> 
  custom:scripting/monoscript/fileName/ProjectUnlinkBuildWarning.cs: c52465de41a758f7a3babb293254b52b -> 
  custom:scripting/monoscript/fileName/IProjectStateHelper.cs: 3adea7eb7ff850864d22d07f530e0111 -> 
  custom:scripting/monoscript/fileName/TilePaletteBrushesPopup.cs: b117489b8fd3a726762a29aaae057971 -> 
  custom:scripting/monoscript/fileName/IInputEventTypeInfo.cs: a163e0b33b0ef6de42962a548c982415 -> 
  custom:scripting/monoscript/fileName/InputEventTreeView.cs: 70ebb846b08feb061018e0fc806019c8 -> 
  custom:scripting/monoscript/fileName/ICloudProjectId.cs: 60ddc28b5a3880441601b503b311a533 -> 
  custom:scripting/monoscript/fileName/Pointer.cs: ce2152e3a144dadf27b6b7be62c47f0a -> 
  custom:scripting/monoscript/fileName/TypeAlreadyRegisteredException.Gen.cs: f78f490406edcce398401642789c4f0d -> 
  custom:scripting/monoscript/fileName/InputSystemUIInputModuleEditor.cs: 8bd0e6628d94b95bc4e7082bdd62e28e -> 
  custom:scripting/monoscript/fileName/IAsyncOperationAwaiter.cs: 4e390262389eabe5476a62852a905252 -> 
  custom:scripting/monoscript/fileName/ProjectStateHelper.cs: a377430869822a008fcaab13302eb7b2 -> 
  custom:scripting/precompiled-assembly-types:Unity.Burst.CodeGen: 19855afef9c57189cba3f9164399ea40 -> 
  custom:scripting/monoscript/fileName/UnityGetUserGuestProjects200Response.cs: 101aa8e271472b02f3ae37c6ca9da3cb -> 
  custom:scripting/monoscript/fileName/MotionBlur.cs: 823914e335803785a19e5990c6ab2911 -> 
  custom:scripting/monoscript/fileName/ParameterListView.cs: 018e8161ec06df153608ce9adba55c3f -> 
  custom:scripting/monoscript/fileName/IHttpClient.cs: 88481d25a1f892f1dc32d0efcddba205 -> 
  custom:scripting/monoscript/fileName/ICopyable.Gen.cs: 90647cc400823b41df847a6cbfc29026 -> 
  custom:scripting/monoscript/fileName/ThreadingUtility.cs: 04b3b0b0336f4a10f1d8aa16ba8bb5cf -> 
  custom:scripting/monoscript/fileName/AdImpressionEvent.cs: 85364e42767fb067707ea4bcd8e7b8ff -> 
  custom:scripting/monoscript/fileName/BurstLoader.cs: ff77f8ae1ba38c1e7af1923752743ddf -> 
  custom:scripting/monoscript/fileName/IInputStateChangeMonitor.cs: 9b99017561e3533bdb65e893153fafea -> 
  custom:scripting/monoscript/fileName/float4x3.gen.cs: 82da2e74a1c9948cc673acd7425c23e5 -> 
  custom:scripting/monoscript/fileName/float3x4.gen.cs: f425eda36f0a9a6a9785ce693ab31c65 -> 
  custom:scripting/monoscript/fileName/PressInteraction.cs: 752c473143499f0f1beaacb15f400a1d -> 
  custom:scripting/monoscript/fileName/Comparers.cs: a4fd4e4518e16b985ebc608a7fca9c48 -> 
  custom:scripting/monoscript/fileName/DefaultSpriteNameFileIdDataProvider.cs: cd965ed390b21ec0302c3211a9f903ff -> 
  custom:scripting/monoscript/fileName/DualShockSupport.cs: 58ad10689626ffbc27e9ff5e35a0fe94 -> 
  custom:scripting/monoscript/fileName/DataPrivacyButton.cs: 72f353f5fe45ddb0df1f179cf7fb7389 -> 
  custom:scripting/monoscript/fileName/bool4x4.gen.cs: 832d1ba72f52e457d65ecd6ca1ba2b2e -> 
  custom:scripting/monoscript/fileName/math_unity_conversion.cs: 717272b42fdbca1935830b3071b2da3c -> 
  custom:scripting/monoscript/fileName/DefineSetter.cs: 292ba08e52064b1a72f8d4bb04301dd3 -> 
  custom:scripting/monoscript/fileName/UnityWebRequestClient.cs: 171ccf79c76240837e46a8b79f973b6e -> 
  custom:framework-win-MediaFoundation: 216162199b28c13a410421893ffa2e32 -> 
  custom:scripting/monoscript/fileName/GridSelectionScaleTool.cs: ab389a9feae3d29ad2e9ca76435ec24d -> 
  custom:scripting/monoscript/fileName/TilemapEditorTool.cs: 4a91b937c12531cdbbbbc26ac425cbca -> 
  custom:scripting/monoscript/fileName/PrimitiveValue.cs: 2da19b19a1bc3da68e1b06314cd109da -> 
  custom:scripting/monoscript/fileName/ShaderIDs.cs: 96024f1f873475da65a783f1404f9117 -> 
  custom:scripting/monoscript/fileName/AbstractRuntimeServices.Gen.cs: 90647cc400823b41df847a6cbfc29026 -> 
  custom:scripting/monoscript/fileName/InputComponentEditorAnalytic.cs: cd3a06cacbb78b52942bbe1203bd4776 -> 
  custom:scripting/precompiled-assembly-types:Unity.Services.Core.Networking: 61bebe50ea392373ad9b763369998b02 -> 
  custom:scripting/monoscript/fileName/Pen.cs: 6eab9170261bbd85df09d1ffe39eb3e1 -> 
  custom:scripting/monoscript/fileName/TilePaletteOverlayUtility.cs: dc8cc580b44070af00f5c1a8a3e30146 -> 
  custom:scripting/monoscript/fileName/IMetrics.cs: cc4d6b26e54335130aeffb94ca489467 -> 
  custom:scripting/precompiled-assembly-types:Unity.Services.Core.Telemetry: 93d339c2f6637582a5436fa1367ea7d7 -> 
  custom:scripting/monoscript/fileName/EnvironmentInfo.cs: 78a754ae7b45de5c0f5a2d3aef9c92f6 -> 
  custom:scripting/monoscript/fileName/PostProcessEditorAttribute.cs: 672a58b4d5bab60112487a31c361c481 -> 
  custom:scripting/monoscript/fileName/StringHelpers.cs: 091725760b03f79e734c77418a754009 -> 
  custom:scripting/monoscript/fileName/GridPalettes.cs: 05ebfa19bce5556c38d8243821b95e4f -> 
  custom:scripting/monoscript/fileName/AnalyticsSettingsProvider.cs: 143ac3658fc53c5d5435c3b4bddb358a -> 
  custom:scripting/monoscript/fileName/IEnvironmentService.cs: d28a6fb640eb356196b9c1017c7a0d37 -> 
  custom:scripting/monoscript/fileName/JsonParser.cs: 4ca9a1eed6af4d53f2778a8abb3703e2 -> 
  custom:scripting/monoscript/fileName/LensDistortionEditor.cs: dee045d29944d55e8040435a58a7ce90 -> 
  custom:scripting/monoscript/fileName/FourCC.cs: 718ad77a73db081c260cd8ce625d1d12 -> 
  custom:scripting/monoscript/fileName/MemoryConfigurationLoader.cs: e1621a8e05504bfbe89a438b0282bf97 -> 
  custom:scripting/monoscript/fileName/StreamingAssetsConfigurationLoader.cs: 2f115cec9bfe6872856ee4ad61eb2c3f -> 
  custom:scripting/monoscript/fileName/Finger.cs: 47c63a23d4568c72c9e2be18ba728ebd -> 
  custom:scripting/monoscript/fileName/ClampProcessor.cs: 799e07eb15a017e9ba829d3f4ca99111 -> 
  custom:scripting/monoscript/fileName/double3x3.gen.cs: cf2bca4cc9e8b93d47929417a1a999f7 -> 
  custom:scripting/monoscript/fileName/NoAliasAttribute.cs: 47e40919f04b49dc8701e6216f1351d4 -> 
  custom:scripting/monoscript/fileName/MotionBlurEditor.cs: 3bd8d3e7e9a7ea94beb2e5517b62d27b -> 
  custom:scripting/monoscript/fileName/Dithering.cs: 3014fffaa718d0ad6dd2c7bb7956ed46 -> 
  custom:scripting/monoscript/fileName/ShapeEditor.cs: 7eba0c642af179a392c34e527393b30b -> 
  custom:scripting/monoscript/fileName/NEON_AArch64_crypto.cs: 68ba95faf7f0f0403852fb6af2a2f956 -> 
  custom:scripting/monoscript/fileName/TilePaletteBrushesButton.cs: f63fefeba5246c46efe3054fe7e8ff1e -> 
  custom:scripting/monoscript/fileName/InputDeviceMatcher.cs: 934062a53f2d14192d3094d9f09442b6 -> 
  custom:scripting/monoscript/fileName/EnvironmentChangedParameters.cs: 0ad6f60cc0b0e0ea02aed10221f7c8a8 -> 
  custom:scripting/monoscript/fileName/DecoratorAttribute.cs: be5bd39119e1a41ea1a019fdb3818a3f -> 
  custom:scripting/monoscript/fileName/double3x2.gen.cs: 87fbe5b4a5a90e3c915d83933bb7a691 -> 
  custom:scripting/monoscript/fileName/StagingTokenExchangeUrls.cs: 7ddebca8557e1d6e23849e5e07df2296 -> 
  custom:scripting/monoscript/fileName/InitiateUserAccountPairingCommand.cs: 1a666a76197a03f8f7bce4a17141341c -> 
  custom:scripting/monoscript/fileName/CoreDiagnostics.cs: 041dd565425b56b2b823902ba53cfe54 -> 
  custom:scripting/monoscript/fileName/DeserializationSettings.cs: 1061b12039666d7d981cfe68ebb1982d -> 
  custom:scripting/monoscript/fileName/DisplayNameAttribute.cs: 935a6ac504eb8a852fba40cbcae9292c -> 
  custom:scripting/monoscript/fileName/InputControlPathDrawer.cs: f9c7ec3ba894b22b094bce7cea9d36c7 -> 
  custom:scripting/monoscript/fileName/bool3x2.gen.cs: 6ad67e842e9f001f4905675e041c0394 -> 
  custom:scripting/monoscript/fileName/OnScreenStickEditorAnalytic.cs: 11cb2d9ab8347ad883a19084f2e21dac -> 
  custom:scripting/monoscript/fileName/IProjectConfiguration.cs: 9794b060b4360e9cc39456a13bf716cc -> 
  custom:scripting/monoscript/fileName/SlowTapInteraction.cs: d4d7eb3e402f2cf763b711b8aca21716 -> 
  custom:scripting/monoscript/fileName/ProjectBindRedirectContentUI.cs: ea393b5b63051e326686665efb7ed1d2 -> 
  custom:scripting/monoscript/fileName/QuerySamplingFrequencyCommand.cs: ffe0bdcb4ec1816ad7a20032df8affbd -> 
  custom:scripting/monoscript/fileName/InputBindingComposite.cs: 8acdccf814316320ed20f4ab536c63c4 -> 
  custom:scripting/monoscript/fileName/IDiagnosticsFactory.cs: 8a3a37fd862b7581b4621716ed14b18e -> 
  custom:scripting/monoscript/fileName/half2.gen.cs: a6f90a50ab057fcfbb93f80dff9467ec -> 
  custom:scripting/monoscript/fileName/HashExceptions.cs: 0c04f84e29310842caf31699037c2a6f -> 
  custom:scripting/monoscript/fileName/InlinedArray.cs: e42627bc0cc64469ebb2649b4749f607 -> 
  custom:scripting/monoscript/fileName/CallbackArray.cs: 90647cc400823b41df847a6cbfc29026 -> 
  custom:scripting/monoscript/fileName/PostProcessEffectSettings.cs: 2ab9d33170e863b1a9c8a9079cdd12aa -> 
  custom:scripting/monoscript/fileName/OSXGameController.cs: a3f684cd3d6af3701e16c8699ba556c0 -> 
  custom:scripting/monoscript/fileName/Observable.cs: 622d3d50ef7faf6ec60105d4626f5ceb -> 
  custom:scripting/monoscript/fileName/ScaleVector3Processor.cs: 4f21bb4fa41fc96799edb532f6172693 -> 
  custom:scripting/monoscript/fileName/IServiceFlagRequest.cs: b3a0a6e65e5600f2006d43595e9e07b1 -> 
  custom:scripting/monoscript/fileName/InvertVector2Processor.cs: 774a3487189aea92da637db92d9118d5 -> 
  custom:scripting/monoscript/fileName/StandaloneInputModuleEditor.cs: 0c1eaef25625ade10d4aab2e84b9d672 -> 
  custom:scripting/monoscript/fileName/SpritePolygonModeModule.cs: 8b4aa126b968b0772b9e20476364e690 -> 
  custom:scripting/monoscript/fileName/Il2CppEagerStaticClassConstructionAttribute.cs: 5ae90a36296d2fe83dd98e9361e907e8 -> 
  custom:scripting/monoscript/fileName/BindingPropertiesView.cs: 941e7c5dbf59b7b9e227ccbdc6fd8d99 -> 
  custom:scripting/monoscript/fileName/IActionScheduler.cs: e5388884c9a263c0b7f149f53626af31 -> 
  custom:scripting/monoscript/fileName/FastTouchscreen.cs: 9057cd167dd3d29f3b1283a395a3a33e -> 
  custom:scripting/precompiled-assembly-types:Unity.2D.Sprite.Editor: 1774135f6b0ba60c86e1eb3c8b700a0f -> 
  custom:scripting/monoscript/fileName/DiagnosticsFactory.cs: 3828493052568497f2ccdc68dea8b14c -> 
  custom:scripting/monoscript/fileName/Sensor.cs: 57aef65ece5c1c8c9e92598fd61cee52 -> 
  custom:scripting/monoscript/fileName/ConfigurationEntry.cs: c1ed8586c7c9df05d945744b24303784 -> 
  custom:scripting/monoscript/fileName/SceneViewGridManager.cs: 95fee1927d423310ba7aac18e1743e68 -> 
  custom:scripting/monoscript/fileName/UnityUserOrganizationsV1.cs: 73dafadd41de13ace6058db610522dcd -> 
  custom:scripting/monoscript/fileName/v128.cs: e021cba7e9c369437e29248cab7adb92 -> 
  custom:scripting/monoscript/fileName/XmlLinkedProperty.cs: 29784440eed3b7889f0bfe76633cc000 -> 
  custom:scripting/monoscript/fileName/NamedValue.cs: 8376b4dcd097f8e75b2f3411208254ef -> 
  custom:scripting/monoscript/fileName/InputBinding.cs: f6fa0e7ca1620e125824ad7aa87dde6a -> 
  custom:scripting/precompiled-assembly-types:Unity.Analytics.DataPrivacy: 26b42c534ec8986bc8635a082d6f0b0d -> 
  custom:scripting/precompiled-assembly-types:Unity.Burst.Cecil.Pdb: 542ee58f25ed060f438b710d2d8b4fbd -> 
  custom:scripting/monoscript/fileName/TaskAsyncOperation.cs: deaa3dfd455420a1f0dece4fa000e9b1 -> 
  custom:scripting/monoscript/fileName/Fog.cs: 07e271953e2bcf8513b6a72a2737e767 -> 
  custom:scripting/monoscript/fileName/OnInputSystemEventAnalyser.cs: 5000030ea589a42dacb479a2f3766fbd -> 
  custom:scripting/monoscript/fileName/Singleton.Gen.cs: 66c389d1e92bc70efd18b5d3b46f6bca -> 
  custom:scripting/monoscript/fileName/FileSystem.cs: ab92d4d8629b2af54c3a35102bd12cc4 -> 
  custom:scripting/monoscript/fileName/XmlLinkedMember.cs: 83ebbc44b07d4de0b62121c7811a18b1 -> 
  custom:scripting/monoscript/fileName/ItemCreationUtility.cs: d1c4ddba747ed633116f555c0d69ace7 -> 
  custom:scripting/monoscript/fileName/GamepadButtonPropertyDrawer.cs: 26a2021ea76bb5a9e626def0cec951d2 -> 
  custom:scripting/monoscript/fileName/InputActionsEditorConstants.cs: de0458dea38b5c8300813e9e440ee8be -> 
  custom:scripting/precompiled-assembly-types:Unity.Services.Core.Device: e4929fb33cf5f7c080e2e61fef03b352 -> 
  custom:scripting/precompiled-assembly-types:Unity.Services.Core.Environments.Internal: a94ac62d8b6ab44e5914a671ad4dd355 -> 
  custom:scripting/monoscript/fileName/OrganizationHandler.cs: 8e4686813d139f7c9962131a6d917980 -> 
  custom:scripting/monoscript/fileName/cellular2x2.cs: 2eb29bf877494e27d7b8d68303a33727 -> 
  custom:scripting/monoscript/fileName/PlayerInputManager.cs: d78a6a69863acf031e5348de2108e605 -> 
  custom:scripting/precompiled-assembly-types:Unity.Burst: 813d3b3d85b4f226cca91b96115edc25 -> 
  custom:scripting/monoscript/fileName/half.cs: cf3f2b0bcee127ccdac6d87167bcc406 -> 
  custom:scripting/monoscript/fileName/PostProcessManager.cs: 28ef7780d543a8111635e1f5051383d0 -> 
  custom:scripting/monoscript/fileName/BufferedRumble.cs: 6a480de6b1fe2251e7ff08c4ce4c02ea -> 
  custom:scripting/monoscript/fileName/PointerModel.cs: 71a6371a8f201bacb2e5db4acfc37d66 -> 
  custom:scripting/monoscript/fileName/TilePaletteActiveTargetsProperties.cs: 3c61ac15c80e0acfb6b6f6a93b9c2f7c -> 
  custom:scripting/monoscript/fileName/DelegateHelpers.cs: d5bb425af0b5b02d6700aaef05db5f95 -> 
  custom:scripting/monoscript/fileName/SharedStatic.cs: f05c0e41a9966bdff75df2ec1c0154e3 -> 
  custom:scripting/monoscript/fileName/GridSelectionToolEditor.cs: cf616a74bb2f9276d21997cd9c2c33e2 -> 
  custom:scripting/monoscript/fileName/JsonWebToken.cs: 576840f242d675d41e4a3e0094ff62a5 -> 
  custom:scripting/monoscript/fileName/AnyKeyControl.cs: 6f6956b0876c685790984c2ec0fb11df -> 
  custom:scripting/monoscript/fileName/UnityTransferProjectRequest.cs: 160aa9e78d67107dbad79b2602ea5baf -> 
  custom:scripting/monoscript/fileName/TilemapFocusModeUtility.cs: 56848ecd8aaf6704fc633228e67df6a2 -> 
  custom:scripting/monoscript/fileName/IEditorGameServiceIdentifier.cs: a0ceaf826ce6fd5a1bb279e1579a965f -> 
  custom:scripting/monoscript/fileName/ConfigurationBuilder.cs: bd1d62f2bf3afb62754531eee8a4e204 -> 
  custom:scripting/monoscript/fileName/OfflineUiHelper.cs: 74f5179e6468b11d72cd60998e0c725b -> 
  custom:scripting/monoscript/fileName/XRLayoutBuilder.cs: 21ffc1832cbfeb6035611a9800913395 -> 
  custom:scripting/monoscript/fileName/Sse3.cs: 790f25d56fba1e7a48c0a0766c0ad6a6 -> 
  custom:scripting/monoscript/fileName/EnvironmentView.cs: eacb7d766ee45d9a07ea107dc0c80ac6 -> 
  custom:scripting/monoscript/fileName/AccessTokens.cs: 7f3bd47a4ee3b608248d36969879b607 -> 
  custom:scripting/monoscript/fileName/VolumeFactory.cs: cc77136700c9e1ff894d234886ccb852 -> 
  custom:scripting/monoscript/fileName/SDLDeviceBuilder.cs: 00cc39ba5b1705d465f85acb258f3546 -> 
  custom:scripting/monoscript/fileName/TilePaletteActiveTargetsButton.cs: e78565d1f8fb504d1e27cd33aee954a6 -> 
  custom:scripting/monoscript/fileName/EnhancedTouchSupport.cs: 60dfbeffc3a1db5c7c0f9d4fab51a6e1 -> 
  custom:scripting/monoscript/fileName/noise3Dgrad.cs: 2eb29bf877494e27d7b8d68303a33727 -> 
  custom:scripting/monoscript/fileName/BurstDisassembler.Core.ARM64.info.cs: b15d06942db1ac71042be253eef84e7f -> 
  custom:scripting/monoscript/fileName/IUserRoleClient.cs: d3496f158bb376dd3e2c64e54c7c3a7e -> 
  custom:scripting/precompiled-assembly-types:Unity.InputSystem.ForUI: bae848875a35fe96f09fcc9f4e534600 -> 
  custom:scripting/precompiled-assembly-types:Newtonsoft.Json: a784019f7e79cf0f65e748d41d4ceb44 -> 
  custom:scripting/monoscript/fileName/bool4x2.gen.cs: 5e92d30f937bc7e4e4a07b2b81c06b27 -> 
  custom:scripting/monoscript/fileName/AsyncOperationAwaiter.cs: ddd9d932eca2ff6dc550c174a68fdc5b -> 
  custom:scripting/monoscript/fileName/HttpOptions.cs: 99f08410c8743651b2a8fdf6d32f10c4 -> 
  custom:scripting/monoscript/fileName/Plane.cs: 69547098044c0683a5ff9d9b8674a0ba -> 
  custom:scripting/monoscript/fileName/InputManager.cs: dea24e3da8b083e8a28641430520c9c0 -> 
  custom:scripting/monoscript/fileName/InputSystemPlugin.cs: 10a580f1db4a8ef14ffb6c3b099a0564 -> 
  custom:scripting/precompiled-assembly-types:Unity.Services.Core.Configuration.Editor: 9ec415489f81483910eef61e419cb1d9 -> 
  custom:scripting/monoscript/fileName/BufferX.cs: 9ef912b5732c5a96e7cd1742fa9e21a1 -> 
  custom:scripting/monoscript/fileName/Vector2Composite.cs: 3c222e4e378dcfe52075de72b9663f60 -> 
  custom:scripting/monoscript/fileName/UnityServicesInitializer.cs: fa9a608355e48120534d684af5f04612 -> 
  custom:scripting/monoscript/fileName/GetCurrentHapticStateCommand.cs: 4cd4b9a65647c18ded8aa1c4b2b9796f -> 
  custom:scripting/monoscript/fileName/InputExtensions.cs: 8f6f56ef37e3f054a7a7409cdb252c10 -> 
  custom:scripting/monoscript/fileName/AnalyticsEditorCallbacks.cs: f7de7ff83be3444bd1b91323500dcedb -> 
  custom:scripting/monoscript/fileName/UnityOrganizationWithAddressV1.cs: 0255bc6178742cff2a423de9eb51e6a2 -> 
  custom:scripting/monoscript/fileName/SerializedPropertyHelpers.cs: 54656cf4b888a0555d305d3172f6ef93 -> 
  custom:CustomObjectIndexerAttribute: 9a22284fe3817be447336de3de66b15e -> 
  custom:scripting/monoscript/fileName/classicnoise3D.cs: 2eb29bf877494e27d7b8d68303a33727 -> 
  custom:scripting/monoscript/fileName/SceneViewOpenTilePaletteHelper.cs: 3fa016a943052bc6aa2e17496be83d99 -> 
  custom:scripting/monoscript/fileName/InputActionProperty.cs: 1cef8e3bac8177c58bdf00b89999ee70 -> 
  custom:scripting/monoscript/fileName/ActionSchedulerCleaner.cs: 1750f9737ba65c8b5f441e824f90784f -> 
  custom:scripting/monoscript/fileName/MinMaxAABB.cs: 87e440667b74c17b186d7505988d93e6 -> 
  custom:scripting/monoscript/fileName/InputActionImporter.cs: 39c6f9db18a364cecd2a41f779d68adf -> 
  custom:scripting/monoscript/fileName/NEON_AArch64_rdma.cs: 68ba95faf7f0f0403852fb6af2a2f956 -> 
  custom:scripting/monoscript/fileName/InputEventListener.cs: 752a4fdcf8e5a1b2edb0fe714eecfe1e -> 
  custom:scripting/monoscript/fileName/TypeHelpers.cs: 9fde05372a5fe2745109df4672477f7b -> 
  custom:scripting/monoscript/fileName/ProjectConfiguration.cs: b6a00bb7bd3df2a451321f73e7cb7141 -> 
  custom:scripting/monoscript/fileName/InputStateBlock.cs: 979e1ff106f0ac030ea1ea8df905fcdf -> 
  custom:scripting/monoscript/fileName/double2x2.gen.cs: 1b24b88380b01d73274245c8a3f891ca -> 
  custom:scripting/monoscript/fileName/ThreadHelper.cs: 1d011737e8133fca1a700a78b9269e43 -> 
  custom:scripting/monoscript/fileName/ActionPropertiesView.cs: 336d62191bfc7a278a6f5758f4a55e28 -> 
  custom:scripting/monoscript/fileName/PostProcessEvent.cs: 8fb6e54ff2cf1a8be7ecdd01fbdd78f8 -> 
  custom:scripting/monoscript/fileName/TrackballAttribute.cs: 8dea8f77de7bd03137cc578af1ea6656 -> 
  custom:scripting/monoscript/fileName/v256.cs: 47c636eb6f790c9afbde51106c5c5b53 -> 
  custom:scripting/monoscript/fileName/GridPalettesDropdown.cs: c3eee8db1c244df7a8abb5dd90d1cd39 -> 
  custom:scripting/monoscript/fileName/BrushToolsAttribute.cs: 07c3ce23d7664c866d082c14955fc570 -> 
  custom:scripting/monoscript/fileName/PredictiveParser.cs: 11761c981acd9ecbcb551be590127cd5 -> 
  custom:scripting/monoscript/fileName/FunctionPointerInvokeTransform.cs: 87582112a32f635e413c776846ec78de -> 
  custom:scripting/monoscript/fileName/ServicesBehaviour.cs: fc86e18139c2e2cab6df5bf113811eb1 -> 
  custom:scripting/monoscript/fileName/Sync.Gen.cs: ac834b133bcd24c6292144f8ec2fc479 -> 
  custom:scripting/monoscript/fileName/Touch.cs: aed080cad24aa0b4153e8dc9948b58a5 -> 
  custom:scripting/monoscript/fileName/InputControlPathEditor.cs: c4e4855b2fc09dc4e9adcd9ef893d58e -> 
  custom:scripting/monoscript/fileName/IDualMotorRumble.cs: 5f6a1c243251c71316be36f60e2edc96 -> 
  custom:scripting/monoscript/fileName/UnityCreateOrganizationRequest.cs: 4cf5c8730ffaa3c5888d236ebc6475fc -> 
  custom:scripting/monoscript/fileName/DefaultInputActions.cs: 6d325dce06864e239959fec06a7bcb34 -> 
  custom:scripting/monoscript/fileName/EnvironmentConfigProvider.cs: cadac2235852654a9596b0eac1628eac -> 
  custom:scripting/monoscript/fileName/Csr.cs: 790f25d56fba1e7a48c0a0766c0ad6a6 -> 
  custom:scripting/monoscript/fileName/TrackballDecorator.cs: 6a2b6c747937d12d8d81be8f5b21fbd2 -> 
  custom:scripting/monoscript/fileName/SwitchSupportHID.cs: e50c2efa89a2ad634027df9d84b4e3e0 -> 
  custom:scripting/monoscript/fileName/SpriteEditorHandles.cs: 8b78502b9b56b3c556563a6e935b52ad -> 
  custom:scripting/monoscript/fileName/float2x2.gen.cs: f203c6ed52cbda2033cd1859a76ab02f -> 
  custom:scripting/monoscript/fileName/MultiScaleVO.cs: d4c4732956ffb536e016475d75f04c43 -> 
  custom:scripting/monoscript/fileName/EditorGameServiceSettingsProvider.cs: 2cb6ae4d961883e67f3e282b18d40d94 -> 
  custom:scripting/monoscript/fileName/NormalizeVector2Processor.cs: 8bd7d17d8d184d12ee67e83355ec3df6 -> 
  custom:scripting/monoscript/fileName/TilePaletteClipboardButton.cs: 12e65d1181e6c35cbf046b81b301a908 -> 
  custom:scripting/monoscript/fileName/CecilExtensions.cs: 300205ae85edbb88d6c0c35c47681451 -> 
  custom:scripting/precompiled-assembly-types:Unity.Services.Core.Configuration: f7859697b434adc89f377c95a9589d8a -> 
  custom:scripting/monoscript/fileName/NewtonsoftSerializer.cs: 455e87e74f7c4ce7bdb201550b0ccccf -> 
  custom:scripting/monoscript/fileName/StandardEventServiceComponent.cs: 517db0df6c48fc27c87d18922b4af50b -> 
  custom:scripting/monoscript/fileName/CubeLutAssetFactory.cs: db1961888d7cabf6be94b37e3b663de4 -> 
  custom:container-demuxer-webm: 4f35f7cbe854078d1ac9338744f61a02 -> 
  custom:scripting/monoscript/fileName/CoreRegistryInitializer.cs: e34ea8cde280e241aa2682bcb33aae4f -> 
  custom:scripting/monoscript/fileName/IEnvironmentProvider.cs: 3109b26c8523241ba567e094603484cc -> 
  custom:scripting/monoscript/fileName/IdentityIOneOf.cs: 29de1876e6381d1376e3875f63eb04e7 -> 
  custom:scripting/monoscript/fileName/AccessTokenErrorUiHelper.cs: 398831acfad9119e6105671c7f2d98b3 -> 
  custom:scripting/monoscript/fileName/ServiceUrlBuilder.cs: 75f301a24c4e4d38116d1a1c11631963 -> 
  custom:scripting/monoscript/fileName/LockedPackageRegistry.cs: 99e3472ea654b46f01a9dea3a90719dd -> 
  custom:scripting/monoscript/fileName/BurstDisassembler.Core.x86.info.cs: b15d06942db1ac71042be253eef84e7f -> 
  custom:scripting/monoscript/fileName/OneModifierComposite.cs: 2396a536ac3012f9b195d576a48ca0bd -> 
  custom:scripting/monoscript/fileName/bool2x4.gen.cs: 0202187d1d97b3838c3acec749a94370 -> 
  custom:scripting/monoscript/fileName/HttpResponse.cs: fe56c84be580f48ba5f6047136e2cf67 -> 
  custom:scripting/monoscript/fileName/XRSupport.cs: ac3cee8b33cb0b849f0005496405c94d -> 
  custom:scripting/monoscript/fileName/JsonObjectConverter.cs: 38bbb4aa4e7eb125ad2bec69e448a02f -> 
  custom:scripting/monoscript/fileName/ProjectConfigurationBuildInjectorWithPlayerProcessor.cs: bfe4c2bc0cd0ee036e60e1bfa30dda8a -> 
  custom:scripting/monoscript/fileName/UnityWebRequestHelpers.cs: 0394add6a9f301a01222078b29ac0b18 -> 
  custom:scripting/monoscript/fileName/uint2x3.gen.cs: dc149d5147f76ef2e3b7b3e87df71cde -> 
  custom:scripting/monoscript/fileName/GenericContext.cs: 91513e0bd2facda2d12405e8de8d8a9b -> 
  custom:scripting/monoscript/fileName/LockedComponentRegistry.cs: ff7d4cf11049af0d186f2bffab21c5d3 -> 
  custom:scripting/monoscript/fileName/InputActionMapDrawer.cs: 116fd0e890ca81f92874fad325884eac -> 
  custom:scripting/monoscript/fileName/IServiceFactory.Gen.cs: 5696ff4e8140aef57b36c4052f3bfc23 -> 
  custom:scripting/monoscript/fileName/IServiceUrlBuilder.cs: 13be638527219a0b32af6fd5c7433f19 -> 
  custom:scripting/monoscript/fileName/InputAction.cs: ac64462c0fc3595515f03f36d4efcbd2 -> 
  custom:scripting/monoscript/fileName/PostProcessVolumeEditor.cs: 7aae71821512dcac422c45dc773293c3 -> 
  custom:scripting/monoscript/fileName/classicnoise4D.cs: 2eb29bf877494e27d7b8d68303a33727 -> 
  custom:scripting/monoscript/fileName/IUserRoleHandler.cs: 33c258d1966d18e84a25c5d4701ea0a4 -> 
  custom:scripting/monoscript/fileName/InputAssetEditorUtils.cs: 86c3774817b1dbc33157f61697dea0cc -> 
  custom:scripting/monoscript/fileName/TransactionEvent.cs: 7270b54dee2b58178b442e4487460de7 -> 
  custom:scripting/monoscript/fileName/DeviceConfigurationEvent.cs: 510c7dba8b40726e797345201b3fa470 -> 
  custom:scripting/monoscript/fileName/int4x3.gen.cs: 8504016f71ab8b36158b7cb8a5461a8b -> 
  custom:scripting/monoscript/fileName/IEnvironmentAnalytics.cs: c2ab3518cf2897a2ac4cf87258f13731 -> 
  custom:scripting/monoscript/fileName/classicnoise2D.cs: 2eb29bf877494e27d7b8d68303a33727 -> 
  custom:scripting/monoscript/fileName/InputActionAssetManager.cs: ea530132c4d1b5020dd6e476a2a38fb4 -> 
  custom:scripting/monoscript/fileName/LoggedOutUiHelper.cs: ded703f4d077a86b901d24f648f694ca -> 
  custom:scripting/monoscript/fileName/IDualShockHaptics.cs: 3802c2cf67d004ba5d74496df2179836 -> 
  custom:scripting/monoscript/fileName/MatrixDrawer.cs: 54f407ec7134aa445531b0da7f5e0ded -> 
  custom:scripting/monoscript/fileName/Dispatcher.cs: b917f6992a6d1ee79f39f019b6c749e1 -> 
  custom:scripting/monoscript/fileName/InputSettings.cs: d7ef7947692727d78270eb2592402c03 -> 
  custom:scripting/monoscript/fileName/TilemapEditorToolbarStrip.cs: 3b09bb7c9508f28705fc70ed3a82a917 -> 
  custom:scripting/monoscript/fileName/TouchPhaseControl.cs: 7512f1f8335d9b1be74dcd0ea47c1e22 -> 
  custom:scripting/monoscript/fileName/NEON_AArch64.cs: 68ba95faf7f0f0403852fb6af2a2f956 -> 
  custom:scripting/monoscript/fileName/IDeserializable.cs: 16d3138d206e866a34233b134f1222b0 -> 
  custom:scripting/monoscript/fileName/GridBrushEditor.cs: afd10d6c25e4dee28d1dd55bdbbf1155 -> 
  custom:scripting/monoscript/fileName/DebugPanelWindow.cs: 16f8b898fc57e68b0e7536f737aec3fe -> 
  custom:scripting/monoscript/fileName/float2x4.gen.cs: 8f6e3792d53a47d3e0816efd26cbabde -> 
  custom:scripting/monoscript/fileName/Hint.cs: 35c736c413c7f058326ce656dfcde31e -> 
  custom:scripting/monoscript/fileName/CollectionBinding.Gen.cs: 90647cc400823b41df847a6cbfc29026 -> 
  custom:scripting/monoscript/fileName/BurstRuntime.cs: dd1cc6bb42ddae27b5305860068dfb8c -> 
  custom:scripting/monoscript/fileName/MinimumBinaryHeap.cs: 58e2f67451a6dd12649c5819616167df -> 
  custom:scripting/monoscript/fileName/Diagnostics.cs: 310215ddbef3d1759d3801a8f9ab01fa -> 
  custom:scripting/monoscript/fileName/Event.cs: 0c13502c63b90e7a3e7b0dcd6160ae02 -> 
  custom:scripting/monoscript/fileName/Touchscreen.cs: ffc84b9850e1122be8bdcca9b037294c -> 
  custom:scripting/monoscript/fileName/ModelBinding.Gen.cs: 90647cc400823b41df847a6cbfc29026 -> 
  custom:scripting/monoscript/fileName/ExceptionHelper.cs: 074ec3a4464566a6e9a1f4db3dfb905f -> 
  custom:scripting/monoscript/fileName/InputActionsEditorView.cs: 4d24829d895c340c2152f8913021af44 -> 
  custom:scripting/monoscript/fileName/DependencyNotFoundException.Gen.cs: b85b8fa51199029c7dffa67f92fbcb8c -> 
  custom:scripting/monoscript/fileName/matrix.gen.cs: 8040951fec6b586df3a34908a47f7536 -> 
  custom:scripting/monoscript/fileName/WhereObservable.cs: 0cdf409b5aa8d4c25876d72b5c6a3b60 -> 
  custom:scripting/monoscript/fileName/MergedObservableCollection.Gen.cs: 90647cc400823b41df847a6cbfc29026 -> 
  custom:scripting/monoscript/fileName/RequestResetCommand.cs: 5a881eceedbc23163d3feb8f09a28034 -> 
  custom:scripting/monoscript/fileName/ProjectWideActionsBuildProvider.cs: 3ebc402569b8891c681663a20651a9e0 -> 
  custom:scripting/monoscript/fileName/GridPaintPaletteWindowSplitView.cs: 3055e63c32343a994785f777fb8a04eb -> 
  custom:scripting/monoscript/fileName/GridPaletteAddPopup.cs: 4117721b3ecbb12bd0cf4e10caeebdad -> 
  custom:scripting/monoscript/fileName/IInitializablePackageV2.cs: aa06fccc5712784ca17e5e7b41810911 -> 
  custom:scripting/monoscript/fileName/ChromaticAberration.cs: 4d59e57f8324f5f986e16678ed451410 -> 
  custom:scripting/monoscript/fileName/SpriteNameFileIdPair.cs: 8dab74045e538d5698ea3c4caed3e48c -> 
  custom:scripting/monoscript/fileName/TileDragAndDrop.cs: b35ab1f4232799adb75b33a260fe44f2 -> 
  custom:scripting/monoscript/fileName/StatusCodePolicyConfig.cs: a90864f22acd00607534d01b8dae197f -> 
  custom:scripting/monoscript/fileName/InvertProcessor.cs: 8fef723b3e8cbb132d922876d3097cdd -> 
  custom:scripting/monoscript/fileName/ProjectBindRedirectProjectSettingsUi.cs: 07a51e74c57a4053931e01d14a91288e -> 
  custom:scripting/monoscript/fileName/PostNormalizedVectorDrawer.cs: 1e9cc5a1d5ea64a4691d9edff2f31467 -> 
  custom:scripting/monoscript/fileName/VignetteEditor.cs: 345736fc911c5e8ab23e579751a40e4a -> 
  custom:scripting/precompiled-assembly-types:Unity.Services.Core.Environments: b07b1f8809421d1b72991502cdcbc5ac -> 
  custom:scripting/monoscript/fileName/Styling.cs: d1c4aa14ff93670753edfbb93fc91bfe -> 
  custom:scripting/monoscript/fileName/PostProcessEffectRendererExtensions.cs: e953624d113e7e1739c702512603957d -> 
  custom:scripting/monoscript/fileName/int2x4.gen.cs: 5edaa4c8e18b723d836f4e66d7a2ad24 -> 
  custom:scripting/monoscript/fileName/UISupport.cs: 4aef61197fdf43dacd2c65403caf85ae -> 
  custom:scripting/monoscript/fileName/DiskCache.cs: 2e2c18fcdf6a3bf07ccbc33b912a1eb6 -> 
  custom:scripting/monoscript/fileName/InputControlTreeView.cs: 1bdd4cb4dbef8eaf9ad8e2bac2f52d92 -> 
  custom:scripting/precompiled-assembly-types:Unity.Services.Analytics.Editor: f7a580d54e4ea69177e088ee94138784 -> 
  custom:scripting/monoscript/fileName/TileUtility.cs: f1465daed90b124a361d1b7354e9b99a -> 
  custom:scripting/monoscript/fileName/IProjectInfo.cs: 2c81b6190195adf1450efd9b8f54de95 -> 
  custom:scripting/monoscript/fileName/StreamingAssetsUtils.cs: 4a501e19e96ab989552681f7cfe95d3b -> 
  custom:scripting/monoscript/fileName/InputControlList.cs: 849ed7f5b11c9db237ef61b01c5a5104 -> 
  custom:scripting/monoscript/fileName/AdminApiHeaders.Gen.cs: 90647cc400823b41df847a6cbfc29026 -> 
  custom:scripting/monoscript/fileName/PackageInfoNameComparer.cs: ea0f38f3a3ddb0faa351ccba3098624f -> 
  custom:scripting/monoscript/fileName/UnityThreadUtilsInternal.cs: db907031b91c05c00109dd0308888529 -> 
  custom:scripting/monoscript/fileName/SetIMECursorPositionCommand.cs: e9aeee9dfc1e3895d4b1fdbc699ffd99 -> 
  custom:scripting/monoscript/fileName/IViewStateCollection.cs: 1a1a29e9cf9e831fdcf0170a29d9ffa4 -> 
  custom:scripting/monoscript/fileName/SerializedPropertyLinqExtensions.cs: eb3c7e6c13c4deaa409be0505d1c60ed -> 
  custom:scripting/monoscript/fileName/double2.gen.cs: 9fcc709faf542a3c28101e289489d3c3 -> 
  custom:scripting/monoscript/fileName/StickDeadzoneProcessor.cs: 6d6058c9ef1ff49292708e93df0f6950 -> 
  custom:scripting/monoscript/fileName/HttpClient.cs: 6f589aa53e23fc30613c9de6ca38fe21 -> 
  custom:scripting/monoscript/fileName/UnityWebRequestHelper.cs: 2e5cbc5c38937ccdc5de3700aaa6f529 -> 
  custom:scripting/monoscript/fileName/IGL.cs: 8903f8a1304142ec1aefe33b7a4db28c -> 
  custom:scripting/precompiled-assembly-types:Unity.Services.Core.Analytics: 7e90522691a1ed8cc152d6a40d3f03b4 -> 
  custom:scripting/monoscript/fileName/InputRemoting.cs: f8614d7aef4c39466e146a472122fec7 -> 
  custom:scripting/monoscript/fileName/DualShockGamepad.cs: f5f4051139b2f1a41a8085b7526eb7be -> 
  custom:scripting/monoscript/fileName/RetryPolicy.cs: e04bb42ac963f6250bc780a051aeca72 -> 
  custom:scripting/monoscript/fileName/bool2x2.gen.cs: 4649c574bdda23c59b5d49d1b662bc61 -> 
  custom:scripting/monoscript/fileName/ScalableAO.cs: 2f29d71d59b754086c809cfee1cdce34 -> 
  custom:scripting/monoscript/fileName/TrackedDeviceRaycaster.cs: b8a6378867816e80ed0f3d9fe60f3bbe -> 
  custom:scripting/monoscript/fileName/StdGenerator.cs: 2f8570810f4fd0644f8eb269d62ebebd -> 
  custom:scripting/monoscript/fileName/PlayerInputManagerEditorAnalytic.cs: b6063f1dbab4374fa04d901e3284e26d -> 
  custom:scripting/precompiled-assembly-types:Unity.2D.Tilemap.Editor: fa4ad37e7074ee4a4f87ffa5759d6263 -> 
  custom:scripting/monoscript/fileName/uint3x2.gen.cs: e9ed99b7eae876425b9236af5d545e3a -> 
  custom:scripting/precompiled-assembly-types:Unity.Burst.Cecil.Mdb: 267a0ac2928f725ab1cc9882bbfb898d -> 
  custom:scripting/monoscript/fileName/UnityPatchProjectV1Request.cs: c6a39576d362d5719b8c0057b54f465b -> 
  custom:scripting/precompiled-assembly-types:Unity.Mathematics: eda48956a0bece48f802264722748d9b -> 
  custom:scripting/monoscript/fileName/TilePaletteBrushInspectorElement.cs: a9e9b82fa2a5bb9267ca4498f3dd157f -> 
  custom:scripting/monoscript/fileName/Substring.cs: 155bc9f3de23b8c08e135b802ded7331 -> 
  custom:scripting/monoscript/fileName/IAnalyticsSender.cs: 27ac0f3c61390701fdd3b82b17bedf22 -> 
  custom:scripting/monoscript/fileName/OnScreenControl.cs: c30e6f2230854aaa6c7172c11f2f77ec -> 
  custom:scripting/monoscript/fileName/ServicesCreationException.cs: 40142800771fcc1f5855193d741c129e -> 
  custom:scripting/monoscript/fileName/PostProcessLayerEditor.cs: d16de665ece05cd6e27dcc8d7bac4b9a -> 
  custom:scripting/monoscript/fileName/UserRoleHandler.cs: a42f5e4f9979e28831240d76ea709864 -> 
  custom:scripting/monoscript/fileName/InputControlPickerState.cs: 5f9b5cb8afce48007728175c3eb057e8 -> 
  custom:scripting/monoscript/fileName/IEnvironmentFetcher.cs: 4324c744baa655843f8a2db18e322b79 -> 
  custom:scripting/monoscript/fileName/SpritePhysicsShapeModule.cs: 35688b9e178698712b557d50761dc7c2 -> 
  custom:scripting/monoscript/fileName/InputActionsTreeViewItem.cs: bb3c8ee169adbebefe9b4f43196b6b94 -> 
  custom:scripting/monoscript/fileName/ITokenExchangeUrls.cs: f529e59149e9ccc31fc5b827b34c33db -> 
  custom:scripting/monoscript/fileName/TrackedDevice.cs: c0a523d9ef4d6df623781ab9912266ea -> 
  custom:scripting/monoscript/fileName/int2x2.gen.cs: 63739a46f5092b211c341383068e9d3a -> 
  custom:scripting/monoscript/fileName/AnalyticsContainer.cs: 4689c11cec1adcc7c3e72725e5794125 -> 
  custom:scripting/monoscript/fileName/InputUser.cs: 36260a9ec48499f72e73f9eafc0552cb -> 
  custom:scripting/monoscript/fileName/MinMaxAttribute.cs: a4b6ac8a4377612c7135a60f905792f1 -> 
  custom:scripting/monoscript/fileName/IEnvironmentValidator.cs: bdc1089a446560e3518f7ac97786d874 -> 
  custom:scripting/monoscript/fileName/MiscHelpers.cs: d6cca883f594dee23f0feba018b6d615 -> 
  custom:scripting/monoscript/fileName/ExceptionHelpers.cs: efe275f28a8e9b2b00af109efb2e0ab3 -> 
  custom:scripting/monoscript/fileName/NativeInputRuntime.cs: 1afac435db3687569cb35bb179fea323 -> 
  custom:scripting/monoscript/fileName/IdentityManager.cs: 47183623f1167bb69c6035f51346f331 -> 
  custom:scripting/monoscript/fileName/InputActionsEditorSessionAnalytic.cs: 0c748cd8a2b8d2ae3c2a5e00a0111237 -> 
  custom:scripting/monoscript/fileName/WebGLSupport.cs: 654530562f42308f2719cc6498dc6cd4 -> 
  custom:scripting/monoscript/fileName/CompositePartBindingPropertiesView.cs: 85054ddec0c38fdaecaaec5961d80282 -> 
  custom:scripting/monoscript/fileName/uint3.gen.cs: 2439c557987b3f1dafd36143ddfb8c40 -> 
  custom:scripting/monoscript/fileName/SafeStringArrayHelper.cs: c8d46796c0d02dc9724140077fd6c374 -> 
  custom:scripting/monoscript/fileName/UnityUserGuestProjectV1.cs: 58ac7a8966d050da82ebd9946d7ad9a7 -> 
  custom:scripting/precompiled-assembly-types:Unity.Services.Core.Threading: ca5820d3037e7034a063518fa47775e2 -> 
  custom:scripting/monoscript/fileName/double4x4.gen.cs: d67599d4a9300cb241e4695cd70324ae -> 
  custom:scripting/monoscript/fileName/StickControl.cs: a26eebfd1e1a58f0392d28dd3a767141 -> 
  custom:scripting/monoscript/fileName/ReadOnlyHttpRequest.cs: 8ed1e96527aeaf3049f26baaeff0902d -> 
  custom:scripting/precompiled-assembly-types:Unity.Analytics.StandardEvents: 141d7ed544956c644b78fc48f252c94f -> 
  custom:scripting/monoscript/fileName/ITexture.cs: dbb4c87e1c028ce779185d5d3d566460 -> 
  custom:scripting/monoscript/fileName/SubpixelMorphologicalAntialiasing.cs: 02dcb8839824addec278047da0509aea -> 
  custom:scripting/monoscript/fileName/IsolatedJsonConvert.cs: d399be4ef15efaacaf7758f4b29d410e -> 
  custom:scripting/monoscript/fileName/MappedObservableCollection.Gen.cs: 90647cc400823b41df847a6cbfc29026 -> 
  custom:scripting/monoscript/fileName/AndroidSupport.cs: 9ab785defff34023abc57840edf3d952 -> 
  custom:scripting/monoscript/fileName/IUserIdentifierProvider.cs: dc5eeac839d4cf332ea648a7fdcd39d6 -> 
  custom:scripting/monoscript/fileName/UnityGetOrganizationMembers200Response.cs: 2a3745ba3cf60a91cc07f675b5cfe7f0 -> 
  custom:scripting/monoscript/fileName/FunctionPointer.cs: b278ab85034025b7289bef45e0874487 -> 
  custom:scripting/monoscript/fileName/IInputDeviceCommandInfo.cs: 9dd42f14ac828da16c6ba30310467251 -> 
  custom:scripting/monoscript/fileName/BaseEditor.cs: 90647cc400823b41df847a6cbfc29026 -> 
  custom:scripting/monoscript/fileName/BurstDisassembler.Core.Wasm.cs: b15d06942db1ac71042be253eef84e7f -> 
  custom:container-muxer-webm: aa71ff27fc2769a1b78a27578f13a17b -> 
  custom:scripting/monoscript/fileName/bool2x3.gen.cs: c45708c9bd53a8b7f658164314a10c61 -> 
  custom:scripting/monoscript/fileName/InputTestRuntime.cs: d5127b47e25b8c5088abf4e0deaa8d86 -> 
  custom:scripting/monoscript/fileName/ExtendedAxisEventData.cs: 4c1bfc702ee844fc30595587145d523b -> 
  custom:scripting/monoscript/fileName/CloudEnvironmentConfigProvider.cs: 0d9357504beb82cf1f27ae6c7b6ddec2 -> 
  custom:scripting/monoscript/fileName/InputActionReferenceSearchProviders.cs: a94309fba27da921fe970937b21b8389 -> 
  custom:scripting/monoscript/fileName/AxisDeadzoneProcessor.cs: 4ce0869e85b18c3815fae1e784e9f914 -> 
  custom:scripting/monoscript/fileName/LabeledPopup.cs: 87f082da9aa2abffd22a5b3019d4e188 -> 
  custom:scripting/monoscript/fileName/GridPaintPaletteClipboard.cs: 7cd44e8a0b877591749257e5bc06900b -> 
  custom:scripting/monoscript/fileName/EnableDeviceCommand.cs: 03f13a346a45c1316cc4c74086075cbf -> 
  custom:scripting/monoscript/fileName/TilePaletteClipboardElement.cs: 9f42d126d3040ca37a531f760f418560 -> 
  custom:scripting/monoscript/fileName/TilePaletteBrushInspector.cs: dabf99b6cb469f7e1a014ed2d8b57854 -> 
  custom:scripting/monoscript/fileName/DualMotorRumbleCommand.cs: fe0683f0fffd14959bf3d500e2cc8956 -> 
  custom:scripting/monoscript/fileName/BaseInputOverride.cs: a912c8e7729c202e46ac536346090423 -> 
  custom:scripting/monoscript/fileName/InputActionDrawerBase.cs: 7678ae39aaf45b1e79da3f1a0f035552 -> 
  custom:scripting/monoscript/fileName/IServerAccessToken.cs: 5dfd5eddfcd0cafe1db05f4c334820f7 -> 
  custom:scripting/monoscript/fileName/Sse2.cs: 790f25d56fba1e7a48c0a0766c0ad6a6 -> 
  custom:scripting/monoscript/fileName/VisibilityAttribute.cs: 49e798b1c498546f09244503349891b2 -> 
  custom:scripting/monoscript/fileName/math.cs: 3e1f77dfafdda862ef1fdae58189cdb5 -> 
  custom:scripting/monoscript/fileName/ActionScheduler.cs: 4b3a1bee28d6ab276113779464cd5e1f -> 
  custom:scripting/monoscript/fileName/BurstDisassembler.cs: d51fb062bede2b9ca5d97ccc2e501c19 -> 
  custom:scripting/monoscript/fileName/IEvent.cs: c25d501578d8ebe48d7b30415b0df4c5 -> 
  custom:scripting/monoscript/fileName/CopyPasteHelper.cs: 86c79e83d53200b9b2a0ca677340cde7 -> 
  custom:scripting/monoscript/fileName/ProjectInfo.cs: d289d5cd3d7bbcf9a82d73b4aa756d36 -> 
  custom:scripting/monoscript/fileName/HoldInteraction.cs: d489b50bc685e46cac1f3a9378268f4e -> 
  custom:scripting/monoscript/fileName/double4x3.gen.cs: 0f480b77cbe2235a6a07fec4a8104303 -> 
  custom:scripting/monoscript/fileName/UnityCreateProjectRequest.cs: 553b660d315929e3419e6a209f9bb6ab -> 
  custom:scripting/monoscript/fileName/GridSelection.cs: d0dea8ce5af83014aa5391e8d6adf81c -> 
  custom:scripting/monoscript/fileName/AndroidGameController.cs: 983c50cb29c719445cd8ec25f85ff5c0 -> 
  custom:video-decoder-webm-vp8: 9c59270c3fd7afecdb556c50c9e8de78 -> 
  custom:scripting/monoscript/fileName/HIDDescriptorWindow.cs: 6aaa5f652db1e6353aacd01ef4c18854 -> 
  custom:scripting/monoscript/fileName/LinuxSupport.cs: 25480eb3c0fe95eb4511ca50e34150d8 -> 
  custom:scripting/monoscript/fileName/BurstPlatformAotSettings.cs: e55a3d6d232eb892da58dcc30668a0b8 -> 
  custom:scripting/monoscript/fileName/SpriteOutlineModule.cs: 249fecf584323de7d2fd0b14e9a4944c -> 
  custom:scripting/monoscript/fileName/EnvironmentSettingsProvider.cs: 237263cbc2f115c0b90b2c3fc83a1110 -> 
  custom:scripting/monoscript/fileName/AcquisitionSourceEvent.cs: 7a7537817405eaf7cd8abb0856051653 -> 
  custom:scripting/monoscript/fileName/UnityUpdateOrganizationRequest.cs: c81a99780bba7daac8cc2c5dac469fe1 -> 
  custom:scripting/monoscript/fileName/BurstMath.cs: d94624ee519cab4bff493f67794b1527 -> 
  custom:scripting/monoscript/fileName/float3.gen.cs: 61e461104f30d07064c299c5ac2c9a3e -> 
  custom:scripting/monoscript/fileName/BurstCompileTarget.cs: 5a1d233d747b0d562e7d5017bb80886e -> 
  custom:scripting/monoscript/fileName/EnumerableExtensions.cs: ee0912cc6284c651dd85d40fab4256b8 -> 
  custom:scripting/monoscript/fileName/BurstReflection.cs: a904f9b2bf9ba0accae4702e11f47640 -> 
  custom:scripting/precompiled-assembly-types:Unity.Services.Core.Editor: e27a3b08181552d3676394287e3ee482 -> 
  custom:scripting/monoscript/fileName/Vector3Composite.cs: 03fb54f1caeff9fd76135a6140243511 -> 
  custom:scripting/monoscript/fileName/GridPaintSortingAttribute.cs: 682e3d84c0bb9409c8038dde6cc6eaaa -> 
  custom:scripting/monoscript/fileName/UnityAdsIdentifier.cs: 6666e4d931c1a681dcee861ce8dc56a2 -> 
  custom:scripting/monoscript/fileName/RetryPolicyConfig.cs: 533d36c1df5475ce177f07fcbfd5c545 -> 
  custom:scripting/monoscript/fileName/InputSettingsiOSProvider.cs: 740a15f6b71b62d4d0ab469224856ce4 -> 
  custom:scripting/monoscript/fileName/int3.gen.cs: f3e7aece5ea81aaaacfae8f3b0dbf645 -> 
  custom:scripting/monoscript/fileName/Vector3Control.cs: e9a096b3ccdb308c7a9d4b5889021b7a -> 
  custom:scripting/monoscript/fileName/Constant.cs: 9503cddf79e2a3fdeab51cc0257c4da1 -> 
  custom:scripting/monoscript/fileName/iOSSupport.cs: 7d32c4cb2d69af779288f2a9cd8deac0 -> 
  custom:scripting/monoscript/fileName/EnvironmentValidator.cs: 08b5a9dc48dd22c719e1975ef1db1683 -> 
  custom:scripting/monoscript/fileName/NEON_ctor.cs: 68ba95faf7f0f0403852fb6af2a2f956 -> 
  custom:scripting/monoscript/fileName/ProjectConfigurationBuilder.cs: 3a77bc00f860533701242ca98886ca86 -> 
  custom:scripting/monoscript/fileName/InputActionTreeViewItems.cs: 60a054e7e783d32e6aa767531543afa7 -> 
  custom:scripting/monoscript/fileName/TilePaletteBrushesLabel.cs: 50d6652b738f203c7a782d3c9e81384d -> 
  custom:scripting/monoscript/fileName/QueryKeyNameCommand.cs: 37e2ae06bb378bdc7d63674123948cdc -> 
  custom:scripting/monoscript/fileName/TapInteraction.cs: 596bdc6ff1cd547c8cdd5f2cc72ee25a -> 
  custom:scripting/monoscript/fileName/IAccessTokens.cs: 3e3094814f4dba04dfbc3053655e6598 -> 
  custom:scripting/monoscript/fileName/UserRoleRequestUiHelper.cs: a99a899edbebc06ce30ec51f79ff566a -> 
  custom:scripting/monoscript/fileName/UnityEnvironmentV1.cs: 1eea8ffdfb5010d89d3ba557b2d50eab -> 
  custom:scripting/monoscript/fileName/int3x3.gen.cs: dc1405f0f1704a2ec1efb4946b5d5f85 -> 
  custom:scripting/monoscript/fileName/UtcTimeProvider.cs: 34e00235b689057dfe7c5f53347158ea -> 
  custom:scripting/monoscript/fileName/quaternion.cs: 0762c6482396ed4f34408952c0956647 -> 
  custom:scripting/monoscript/fileName/InputActionSerializationHelpers.cs: 9b5c83021d7fdf16fa02001c66bf5d6f -> 
  custom:scripting/monoscript/fileName/ServiceCollection.Gen.cs: ee70a277f1bc1e6641d018ca44380804 -> 
  custom:scripting/monoscript/fileName/int4x4.gen.cs: e1c5029dddb71a1513ebdf470db7528e -> 
  custom:scripting/monoscript/fileName/float4x4.gen.cs: a5bb36679a244217e37dd9fb5d3d2ed4 -> 
  custom:scripting/monoscript/fileName/InputActionAssetSearchProvider.cs: 3fadc32b416781d9ba778a4d0f26d8ab -> 
  custom:scripting/monoscript/fileName/InputDebuggerWindow.cs: 1dae732b971e79e790411dffde0dc007 -> 
  custom:SearchIndexIgnoredProperties: e643bd26f0fe6173181afceb89e7c659 -> 
  custom:scripting/monoscript/fileName/ChromaticAberrationEditor.cs: 3043bf57519b71f64b7a6de970c2487b -> 
  custom:scripting/monoscript/fileName/double3x4.gen.cs: d3f6959e28d6480d7d5313a2c890e5a1 -> 
  custom:scripting/monoscript/fileName/ReadOnlyArray.cs: 3483e6d7d8ddcc3c4be5ef7b099dae36 -> 
  custom:scripting/monoscript/fileName/bool4x3.gen.cs: 3b9b4adbcec8eec926ee3ca5bd1a9e49 -> 
  custom:scripting/monoscript/fileName/FillTool.cs: 31d1f393d06835eb58df2ad8c9b0407d -> 
  custom:scripting/monoscript/fileName/HID.cs: 14ac29e61424a85a621280935b74e9d3 -> 
  custom:scripting/monoscript/fileName/PostProcessEffectRenderer.cs: 577c5acf8157ecea944bb95c8c6d9a95 -> 
  custom:scripting/monoscript/fileName/GatewayTokens.cs: 53270745929a7034c3268a07c13af48c -> 
  custom:scripting/monoscript/fileName/ProjectWideActionsAsset.cs: bee5142729c311dcb1984a45ebb8aa4d -> 
  custom:scripting/monoscript/fileName/SystemEnvironmentPathUtils.Gen.cs: 9f60a7d4b8edfd5e67c66c89eee984df -> 
  custom:scripting/monoscript/fileName/InputActionSetupExtensions.cs: 9f825161e7326e1030e07355fbc72851 -> 
  custom:AudioImporter_EditorPlatform: d09bf68614088b80899f8185d706f6e7 -> 
  custom:scripting/monoscript/fileName/TextureFormatUtilities.cs: ba58c57cfaabc0f8201a9ca6902fcb23 -> 
  custom:scripting/monoscript/fileName/CustomEvent.cs: d8b7a4df6a2351abce7d29ca4bd4d1b1 -> 1247c5b8a272815c9d4060913450b9d8
  custom:scripting/monoscript/fileName/BurstMenu.cs: ba8f72dcdc01403dc080f70f4b855f19 -> 
  custom:scripting/monoscript/fileName/MultiLevelDataSource.cs: f2b2576c0243f129ea7ce41b871724db -> 
  custom:scripting/monoscript/fileName/SceneViewOpenTilePaletteOverlay.cs: 9e154d415d7ab024c8551aae194f4532 -> 
  custom:scripting/precompiled-assembly-types:Unity.Burst.Cecil.Rocks: 437ffcd7628e1436004701f82021574b -> 
  custom:scripting/monoscript/fileName/EnvironmentsApiInternal.cs: ddda38a23193b92419a4176f3ffd04a7 -> 
  custom:scripting/monoscript/fileName/PlayerInput.cs: 1cee85eeeadffae2bed639a188980b07 -> 
  custom:scripting/monoscript/fileName/InputProcessor.cs: 3ec0d2c772ab1a7b95e1616ff5397755 -> 
  custom:scripting/monoscript/fileName/PostProcessVolume.cs: 3883cef4be0567c54caf457a416a2095 -> 
  custom:scripting/monoscript/fileName/EditorGameServiceAnalyticData.cs: 0fc6f3bf04cc7c89fce9a2c7c7ab285b -> 
  custom:scripting/monoscript/fileName/half4.gen.cs: abea9356568c8480c38dd790db58969d -> 
  custom:scripting/monoscript/fileName/SendBufferedHapticsCommand.cs: 3de60d0072c8966f3fa67e7e06b3de82 -> 
  custom:scripting/monoscript/fileName/SpriteEditorUtility.cs: 7e2d1f2cb427fd67c5461f9431375c3a -> 
  custom:scripting/monoscript/fileName/ConstructorNotFoundException.Gen.cs: d5eeea08ebee99ae8f097d0f6c2b88b0 -> 
  custom:scripting/monoscript/fileName/EnvironmentServiceRegistry.cs: 87c6dee4ea55850e884c48687d120061 -> 
  custom:scripting/monoscript/fileName/AccessTokensSingleton.cs: ed21a5edcf5821a4e4c3f640d88a8890 -> 
  custom:scripting/monoscript/fileName/InputInteractionContext.cs: e9b9207c5a457e9ba1ed5b963caa1c29 -> 
  custom:scripting/monoscript/fileName/LightMeterMonitor.cs: a897ae0c731cb153281aea9ecd0efb03 -> 
  custom:scripting/monoscript/fileName/IoUtils.cs: 407719a7637f4a4931cf4ba6f0c431e9 -> 
  custom:scripting/monoscript/fileName/InputActionReference.cs: fbc849277b28f1d12c10638fd6cc5e30 -> 
  custom:scripting/monoscript/fileName/IgnoreWarningAttribute.cs: 95b6772ff35299aa9927da5e6696b2f1 -> 
  custom:scripting/monoscript/fileName/ITextInputReceiver.cs: 8b2979455c8552da770df1cfa8183102 -> 
  custom:scripting/precompiled-assembly-types:Unity.Services.Core.Registration: 6ff2c253681b1c95fc4436f661813f21 -> 
  custom:scripting/monoscript/fileName/SpriteSecondaryTexturesModule.cs: 8f361de5bdfd731e220c415240ad033f -> 
  custom:scripting/monoscript/fileName/AndroidUtils.cs: f14de4686b589a012e48daae776f3163 -> 
  custom:scripting/monoscript/fileName/InputEditorAnalytics.cs: fa1276abe944e1668b9671a3676fb399 -> 
  custom:scripting/monoscript/fileName/SceneViewTilemapFocusOverlay.cs: 409b7579c9eddabad834478b2a2731cf -> 
  custom:scripting/monoscript/fileName/XmlLinkedMethod.cs: 0832a872e8f410f9dbd4e4797775d14c -> 
  custom:scripting/monoscript/fileName/QueryEditorWindowCoordinatesCommand.cs: 0c7e5370fa30be3b2697197e96ebdac1 -> 
  custom:scripting/monoscript/fileName/MethodNotFoundException.Gen.cs: 0dccde8d1181b58956dff819eeec312c -> 
  custom:scripting/monoscript/fileName/ColorGradingEditor.cs: 25838050e3e1f12ef51713a5dcf60349 -> 
  custom:scripting/monoscript/fileName/ScaleProcessor.cs: ea599d555a5ed7276ea05d57b45e43df -> 
  custom:scripting/monoscript/fileName/InputControlScheme.cs: 54ecc2e6b48d0a96beee21c6444842e2 -> 
  custom:scripting/monoscript/fileName/uint4x3.gen.cs: b01c5cd7a56bd5c67682617427bf7881 -> 
  custom:scripting/monoscript/fileName/AttributeDecorator.cs: 39b465f08cd0a5df82fc2ef70b766ca2 -> 
  custom:scripting/monoscript/fileName/InputDeviceBuilder.cs: c6e7fb09ff8d2cc0d492291cffb5dd90 -> 
  custom:scripting/monoscript/fileName/AutoExposureEditor.cs: dfd15824649ea346b717bc72a871d75b -> 
  custom:scripting/monoscript/fileName/ITimeProvider.cs: ddd25bd8e3c8be311aae000881753524 -> 
  custom:scripting/monoscript/fileName/InputUpdateType.cs: abf5b4d2515f610113412cbf99b0e951 -> 
  custom:scripting/monoscript/fileName/noise2D.cs: 2eb29bf877494e27d7b8d68303a33727 -> 
  custom:scripting/monoscript/fileName/DeviceVolume.cs: 4368bbc0208218118d7535a01afe8f83 -> 
  custom:scripting/monoscript/fileName/EditorWindowSpaceProcessor.cs: 972d1caf54a44d4a9cecbaa9bedec5ca -> 
  custom:scripting/monoscript/fileName/GridBrush.cs: 0271bb4294dfd9c52b85d2ef18c21adf -> 
  custom:scripting/monoscript/fileName/BurstEditorOptions.cs: 9c5afa3a809e97579143a619b525af7f -> 
  custom:scripting/monoscript/fileName/LensDistortion.cs: b7963bb1da21ba484a7b59b9f6ea3aec -> 
  custom:scripting/monoscript/fileName/IProjectEditorDrawerFactory.cs: 18c5020e4a357b0471f706a6144cefa8 -> 
  custom:scripting/monoscript/fileName/MissingComponent.cs: 6fcd30b84d1ca630662778f50cedadd3 -> 
  custom:scripting/monoscript/fileName/bool2.gen.cs: 26e96b66e2dc8fbd46eb4ce6284c510a -> 
  custom:scripting/monoscript/fileName/IGUIUtility.cs: cad79017f17454feb4e1799b1c42f87c -> 
  custom:scripting/monoscript/fileName/TilePaletteContextMenuHandler.cs: 11689ac7a1e231b785fe9ee59440e8df -> 
  custom:scripting/monoscript/fileName/Responses.cs: cf8e91b141cc85b29c745e415fc1f688 -> 
  custom:scripting/monoscript/fileName/InputActionsEditorWindowUtils.cs: d0da33ee0cf30de0eeec7fa17bd7dc9a -> 
  custom:scripting/monoscript/fileName/Transient.Gen.cs: fb508b42c100a2c07b866a44f9ab3ed0 -> 
  custom:scripting/monoscript/fileName/InputEditorUserSettings.cs: a0a69ad77f1e5a40ed7ef9025a06e030 -> 
  custom:scripting/precompiled-assembly-types:Unity.Analytics.Tracker: eb4191259480d4015a4c533d11e903a3 -> 
  custom:scripting/monoscript/fileName/CorePackageRegistry.cs: 3f8b8a1a754bcbf32e1631fc6067b47f -> 
  custom:scripting/monoscript/fileName/InputActionAsset.cs: 7cafb6cd765daa70a3f7d9a39dbdcb5f -> 
  custom:scripting/monoscript/fileName/InputFeatureNames.cs: 1a316c2d23c80d5649d91f21104b1196 -> 
  custom:scripting/monoscript/fileName/GridBrushEditorBase.cs: 8dc6b8dd5b5c3920622a5c826cdb9a3e -> 
  custom:scripting/monoscript/fileName/Gamepad.cs: 266a4361e17cc18fb7776706f865b6cc -> 
  custom:scripting/monoscript/fileName/Vector2Control.cs: ad75cbde8c4029137f073e4f44bb18d0 -> 
  custom:scripting/monoscript/fileName/UnityOrganizationV1.cs: 202fa32fa70a6d9b0b74b5c00b1b741c -> 
  custom:scripting/monoscript/fileName/TrackedPoseDriver.cs: 788465d3a9fa832aab77dafce07b03db -> 
  custom:scripting/monoscript/fileName/ResourceAssetFactory.cs: bf6acc988648d854bb3c5751325d0d0a -> 
  custom:scripting/monoscript/fileName/IQosResults.cs: b6881487c0f26ab46e2124c1d0e04307 -> 
  custom:scripting/monoscript/fileName/IAccessTokenObserver.cs: b63bda9cbc64f15f0d3427f52571574c -> 
  custom:scripting/monoscript/fileName/IInstallationId.cs: f04e3188def2f4af24969a3d446782a7 -> 
  custom:scripting/monoscript/fileName/InputControl.cs: beed85fe9b3431d0b1ba03e15cb33fe6 -> 
  custom:scripting/monoscript/fileName/IExternalUserId.cs: e86cbc4ee2ec705a01d2d8184f1aa316 -> 
  custom:scripting/monoscript/fileName/BurstCompileAttribute.cs: f1834e5146c37c3c879fe10d3c8c9e49 -> 
  custom:scripting/monoscript/fileName/OnScreenStick.cs: 9c42f0c502d32edf782a820c693d1a78 -> 
  custom:scripting/monoscript/fileName/IHandles.cs: d2780a18a3844e49d490d68d5cb3d26a -> 
  custom:scripting/monoscript/fileName/CoreStatsIntegration.cs: 49f1f08c08ead216067307077161707e -> 
  custom:scripting/monoscript/fileName/BuildProviderHelpers.cs: 883e578697dc77d5225ff9b2c267e98c -> 
  custom:scripting/monoscript/fileName/AssetUtils.cs: f2faf7ad4b4b5b06d49e576afa8ccb42 -> 
  custom:scripting/monoscript/fileName/NavigationModel.cs: 1c263830c18aeaed6a5f098797d42577 -> 
  custom:scripting/monoscript/fileName/bool3.gen.cs: 5af2629b3ff9dbb3bbfcc70064a35529 -> 
  custom:scripting/monoscript/fileName/PostProcessProfileEditor.cs: 1dcd55858a4126cb33b0f2de53c74fbe -> 
  custom:scripting/monoscript/fileName/uint4x2.gen.cs: b7591412c0d582e5dffe67f85a90dd0a -> 
  custom:scripting/monoscript/fileName/ServicesInitializationEditor.cs: 9a8da73184df77ef11e2b6fd2f04d32d -> 
  custom:scripting/monoscript/fileName/int3x2.gen.cs: 3713def57441460b7d8181bf2ebb068b -> 
  custom:scripting/monoscript/fileName/random.cs: 773187f16d25a3763332e4d0e08067fb -> 
  custom:scripting/monoscript/fileName/TilemapEditorToolPreferences.cs: d34ae7afe7e42324c1a8dc1ee5c53101 -> 
  custom:scripting/monoscript/fileName/IEditorGameServiceAnalyticsSender.cs: 16523e3d16356ae30addab5eaf4685a1 -> 
  custom:scripting/monoscript/fileName/ScaleVector2Processor.cs: ffa977729ad018813fd2604f3961d4a6 -> 
  custom:scripting/monoscript/fileName/OnScreenSupport.cs: 49400ba586ee250d59e551f6447ee71e -> 
  custom:scripting/monoscript/fileName/PaintableGrid.cs: c538d5369d23cf604300c6f8a077b5d0 -> 
  custom:scripting/monoscript/fileName/PostProcessDebug.cs: a653e9b773649e7452b035b4ce1dae82 -> 
  custom:scripting/monoscript/fileName/InputStateWindow.cs: 07ffe9d19da59cd790dac73385b44113 -> 
  custom:scripting/monoscript/fileName/InputDeviceDescription.cs: b7fafe849135bccdd4576f0a348eb655 -> 
  custom:scripting/monoscript/fileName/CompositeBindingPropertiesView.cs: e38b1a130b29226fcb1bccc04b19fec8 -> 
  custom:scripting/monoscript/fileName/SdkVersion.cs: 23052dffc3ab0cb571323859bace069a -> 
  custom:scripting/monoscript/fileName/ControlSchemeCommands.cs: 60816c79585c573c8846a65281b6f207 -> 
  custom:scripting/monoscript/fileName/float4.gen.cs: b782c632ec38515e69077afe722e950b -> 
  custom:scripting/monoscript/fileName/uint3x4.gen.cs: 85b37160b72ca5d09aa390a0ed4ac5d3 -> 
  custom:scripting/monoscript/fileName/WinUserInput.cs: 56506de120dd826b17622d0065c9f5bb -> 
  custom:scripting/monoscript/fileName/PostProcessAttribute.cs: e125947bf72ce7382f3b16f75797c897 -> 
  custom:scripting/monoscript/fileName/ActionEvent.cs: b3ea1ccaeb8c8f45c6b4115a47e7e07f -> 
  custom:scripting/monoscript/fileName/InputControlPickerDropdown.cs: 42f29cccd66ea903b2ff08e0668e70b3 -> 
  custom:scripting/monoscript/fileName/VisualElementExtensions.cs: 769161daea23c2b3e6c8433e4764ea5f -> 0aad2728225c469038631668406aebb3
  custom:scripting/monoscript/fileName/TextureImporterDataProvider.cs: d68f5d5325387f4e38fdcf2610c72ce3 -> 
  custom:scripting/monoscript/fileName/DefaultAssetCreation.cs: c2d4009190ffa48d1a68c12ac7902a37 -> 
  custom:scripting/monoscript/fileName/IEnvironmentId.cs: 26e3448d664cf5b5e38101bfbead1ab4 -> 
  custom:scripting/monoscript/fileName/ActionMapsView.cs: 428081a17b77c8940b2798d9faa74a04 -> 
  custom:scripting/monoscript/fileName/TouchSimulation.cs: f78d40670acf7d11886bc2fbd5212373 -> 
  custom:scripting/monoscript/fileName/IDiagnostics.cs: 57266d83136060880a8bc854151a2f08 -> 
  custom:scripting/monoscript/fileName/TilemapEditorToolButton.cs: 452256babee1fc6246907201b775c9ca -> 
  custom:scripting/monoscript/fileName/IUnityServices.cs: abc5b758eed1a2c05dfbb253b9cdf1d6 -> 
  custom:scripting/monoscript/fileName/Observer.cs: 90647cc400823b41df847a6cbfc29026 -> 
  custom:scripting/monoscript/fileName/QueryCanRunInBackground.cs: 0430278e077d59b82dbda0fc3b6d50dd -> 
  custom:scripting/monoscript/fileName/TakeNObservable.cs: 0cdf409b5aa8d4c25876d72b5c6a3b60 -> 
  custom:scripting/monoscript/fileName/TouchPressControl.cs: 32da007e297b36a2fe817f63e5f6bbb5 -> 
  custom:scripting/monoscript/fileName/QueryEnabledStateCommand.cs: 87c8e7655c4949e0535eb54544eb97da -> 
  custom:scripting/monoscript/fileName/Ua2CoreInitializeCallback.cs: 5348b90e19ed738f16d3145ba190867f -> 
  custom:scripting/monoscript/fileName/float3x2.gen.cs: c82cdc670988a624afef0b4a59da9960 -> 
  custom:scripting/monoscript/fileName/InputEvent.cs: fd054d2072bcad44e3a253005347289b -> 
  custom:scripting/monoscript/fileName/InitializationOptions.cs: a3b098c01b711d197eb5be831c1fe3cb -> 
  custom:scripting/monoscript/fileName/Grain.cs: 43f09a87a88d9937fbb9c4dbf3d5508e -> 
  custom:scripting/monoscript/fileName/InputActionRebindingExtensions.cs: 800aebbd7a30c1f9ff7fb1fa8ee640fa -> 
  custom:scripting/monoscript/fileName/GridPaintPaletteWindowPreferences.cs: 506574d5ebc55d1c3ac5809521be171c -> 
  custom:scripting/monoscript/fileName/ResponseDeserializationException.cs: ee4bcd8feef77e51dd56d7612403078e -> 
  custom:scripting/monoscript/fileName/SpriteEditorMenu.cs: f9042f312a91c162ede0d5de48225240 -> 
  custom:scripting/monoscript/fileName/RotateTool.cs: a45c53b4cde318c91ea55e570037bddd -> 
  custom:scripting/monoscript/fileName/GridSelectionTransformTool.cs: 0102964ac3ceb594b7800c6267f18cf7 -> 
  custom:scripting/monoscript/fileName/ForDeviceEventObservable.cs: f39d5cdafde47df1f2a834a038b823b7 -> 
  custom:scripting/monoscript/fileName/InputUserAccountHandle.cs: a5f9751051223c483aa2839401cb39cd -> 
  custom:scripting/monoscript/fileName/TilePaletteActivePalettePopup.cs: d8ea341556e28c44f8ce8bb6cb513430 -> 
  custom:scripting/monoscript/fileName/IScopedServiceProvider.Gen.cs: a3e3117c2208173e411da686f8072dfc -> 
  custom:scripting/monoscript/fileName/PackageRegistry.cs: 084618e5fb4441b39eee335cbd095e50 -> 
  custom:scripting/monoscript/fileName/XmlLinkedAssembly.cs: 997f803bab31374df714b0d6f004c82e -> 
  custom:scripting/monoscript/fileName/HistogramMonitor.cs: 6fd024409d6e9db8d4c2c4e26430c2ad -> 
  custom:scripting/monoscript/fileName/IEventMerger.cs: 1b166203b9c6da6368d80320ec7c9961 -> 
  custom:scripting/monoscript/fileName/int4x2.gen.cs: 03019ae5b6ae2c22f6bcc41f109a6f3f -> 
  custom:scripting/monoscript/fileName/PostProcessProfile.cs: f6dc030e2e953b2ed0eca334cce5d5cf -> 
  custom:scripting/monoscript/fileName/IEnvironments.cs: c0584c08a0bd557b383eebd7f6ddb36a -> 
  custom:scripting/monoscript/fileName/DefaultApiRequests.cs: 0c40f474d191c79755786a315c4d3837 -> 
  custom:scripting/monoscript/fileName/InputEventStream.cs: ea6c76443cc84b1345bb202bc3c6e172 -> 
  custom:scripting/monoscript/fileName/InputActionMap.cs: 7796e3225f536783e555cebebc915987 -> 
  custom:scripting/monoscript/fileName/ButtonWithTwoModifiers.cs: 8fbe9bb2a05d6d8ae165c4af2a58f87a -> 
  custom:scripting/monoscript/fileName/CoreMetrics.cs: ba96eafc8557f10e49a5a2dab28be8c2 -> 
  custom:scripting/monoscript/fileName/DefaultInputControlPickerLayout.cs: 0d39d096b1a242cb2404a05c8ab9b9dc -> 
  custom:scripting/monoscript/fileName/IOSGameController.cs: dd4dd0e526e0233e35c4166a4e15be3b -> 
  custom:scripting/monoscript/fileName/InputControlLayout.cs: 14cb813b35120ffd242f99d5c15bb438 -> 
  custom:scripting/monoscript/fileName/ServicesInitializationEvents.cs: 223f9edfffeabcf11135ebfb5e966647 -> 
  custom:scripting/monoscript/fileName/GetHapticCapabilitiesCommand.cs: cae75b99f8d3e9c6ddab6313911969e6 -> 
  custom:scripting/monoscript/fileName/KeyControl.cs: 8c245292417dc646748409be61bb7b1e -> 
  custom:scripting/monoscript/fileName/InputParameterEditor.cs: 431a7292e136429730776139ea5efe7c -> 
  custom:scripting/monoscript/fileName/PlatformSupportUiHelper.cs: c2fb091feeb92fc6d04201e72415cd6f -> 
  custom:scripting/monoscript/fileName/ISpriteEditorDataProvider.cs: 4c01add71bf03a3e1afff21bbd534ee9 -> 
  custom:scripting/monoscript/fileName/PoseControl.cs: 26044499bf9bfd77ab38d92d33de1d80 -> 
  custom:scripting/monoscript/fileName/IUndoSystem.cs: 841a069a843e48d57d362ca08bca21d4 -> 
  custom:scripting/monoscript/fileName/IConfigurationProvider.cs: af9003c2ff2e581cf6d2023a9420f4ca -> 
  custom:scripting/monoscript/fileName/ProfileFactory.cs: f835845dfebfed501813f60a1cb006a3 -> 
  custom:scripting/monoscript/fileName/PostProcessEffectEditor.cs: 90647cc400823b41df847a6cbfc29026 -> 
  custom:scripting/monoscript/fileName/IMetricsFactory.cs: fde5d2b8b6a1babbe7e5508a35a60c95 -> 
  custom:scripting/monoscript/fileName/PaintTool.cs: b088555e5c7bac451566d0ed1b585c0f -> 
  custom:scripting/monoscript/fileName/ChannelToken.cs: 749f097d0aecdba9e5864aa66e7c548d -> 
  custom:scripting/monoscript/fileName/IInputActionAssetEditor.cs: 3cd40c4b8af7a8a826e18f27fdc13fd1 -> 
  custom:scripting/monoscript/fileName/GridPaintingState.cs: 5b65b03e1c11595f69bba16eea8cd664 -> 
  custom:scripting/precompiled-assembly-types:Unity.Burst.Cecil: 997689720027a6523ba4efde94923b20 -> 
  custom:scripting/monoscript/fileName/double3.gen.cs: 377c7acd7948bf71aea5d8cf8236ee9b -> 
  custom:scripting/monoscript/fileName/StateContainer.cs: 23bd1829859f90153901a581c43faf25 -> 
  custom:scripting/monoscript/fileName/GridPaintPaletteWindowActiveTargets.cs: a9f6bc687e35dc605b0de621410da416 -> 
  custom:scripting/monoscript/fileName/ProjectBindRedirectUiConstants.cs: 1d3bd9a52471c7a484b82396440177cc -> 
  custom:scripting/monoscript/fileName/InputSystem.cs: 2d04686e597c23245a49375e1fb3215d -> 
  custom:scripting/monoscript/fileName/DropManipulator.cs: f2590cdd59ece03ac4215fb580ea5c70 -> 
  custom:scripting/monoscript/fileName/ServiceFlagRequest.cs: 81cbfe44ade2ec4f46d5579d02db90c8 -> 
  custom:scripting/monoscript/fileName/PlayerInputEditor.cs: d2b3afdcbb77e18a055744ba3890b2dc -> 
  custom:scripting/monoscript/fileName/SkipLocalsInitAttribute.cs: e4f8d5a888902955673e1ed6a9dfb76a -> 
  custom:scripting/monoscript/fileName/OnInputSystemEvent.cs: 75fda23a4e1e9917b123e60769ca5a9b -> 
  custom:scripting/monoscript/fileName/TilePaletteClipboardPanelPopup.cs: 481659589c6d2cf5d49bb3c51e9e2785 -> 
  custom:scripting/monoscript/fileName/HttpRequest.cs: 32f191459fcac54e96d5c4ad496a3ed5 -> 
  custom:scripting/monoscript/fileName/ValidationResult.cs: 12d4a9b1790e80408d1518f479a1a01f -> 
  custom:scripting/precompiled-assembly-types:Unity.Analytics.Editor: 5ac39bf3717918d2718f9b53eff9385d -> 
  custom:scripting/monoscript/fileName/MatchingControlPaths.cs: 9dca9fd103fe01b581f71418269cbc5a -> 
  custom:scripting/monoscript/fileName/AssumeRangeAttribute.cs: d3abc900d6b7c73addcf3398d2779a03 -> 
  custom:scripting/monoscript/fileName/FastMouse.cs: c1eb115b9947f2d7660b6624e6d2a006 -> 
  custom:scripting/monoscript/fileName/CubeLutAssetImporter.cs: 5e94ca4c74dad11cc8880f33d0ba9efb -> 
  custom:scripting/precompiled-assembly-types:Unity.InputSystem: 425e8e3443e66c10683923ad018ca623 -> 
  custom:scripting/monoscript/fileName/HttpServiceConfig.cs: a19e8b39679e0da2413fb1719624f1f2 -> 
  custom:scripting/monoscript/fileName/MultiplayerEventSystem.cs: 05b50b616573877ef9101c0539ee4f31 -> 
  custom:scripting/monoscript/fileName/InputBindingCompositeContext.cs: d2a9f79b307a55dd2196a058ec520c90 -> 
  custom:scripting/monoscript/fileName/CSharpCodeHelpers.cs: d0cc2f7c294cb0d1437e3101c51f7d3e -> 
  custom:scripting/monoscript/fileName/SelectObservable.cs: 0cdf409b5aa8d4c25876d72b5c6a3b60 -> 
  custom:scripting/monoscript/fileName/EditorValueTracker.Gen.cs: 90647cc400823b41df847a6cbfc29026 -> 
  custom:scripting/monoscript/fileName/EditorGameServiceFlagEnabler.cs: ed4b01161596daf6c007c5cb985797df -> 
  custom:scripting/monoscript/fileName/UnityProjectV1.cs: 33ee54c3546ae8cbce557ab2aca1756e -> 
  custom:scripting/monoscript/fileName/ProjectConfigurationBuilderHelper.cs: f79e2dec68c2a8a55186a3fd4274546b -> 
  custom:scripting/monoscript/fileName/GridPaletteUtility.cs: a64eece78a61bcc19caeb2b2a114ba40 -> 
  custom:scripting/monoscript/fileName/ICustomDeviceReset.cs: 3b447b167c25000b29105ece94677719 -> 
  custom:scripting/monoscript/fileName/Fma.cs: 550ccd401d2d76d5e362c6ec284ceeaa -> 
  custom:scripting/monoscript/fileName/ProjectState.cs: 5da9c4bc1768108d8af5cc6cbfdc9de1 -> 
  custom:scripting/monoscript/fileName/PaintableSceneViewGrid.cs: 668faf831cc940b1ebbed80737459bca -> 
  custom:scripting/monoscript/fileName/NumberHelpers.cs: 322df6125e7a7f4f0d1f63844c1365d8 -> 
  custom:scripting/monoscript/fileName/AndroidSensors.cs: b8ec64ad3819fc7d99c495fa69f31c72 -> 
  custom:scripting/monoscript/fileName/UnityServicesInternal.cs: 5ea85354f5b78172e34fac25411fe7cf -> 
  custom:scripting/monoscript/fileName/PreserveDependencyAttribute.cs: 7b33b3b969409f6a38fb0affb51f2db7 -> 
  custom:scripting/monoscript/fileName/XInputController.cs: 3c93688e4b8cb689f66843b8c8f16884 -> 
  custom:scripting/monoscript/fileName/InputEventPtr.cs: a12d6ebfcf9beb317d1aba534bdcb661 -> 
  custom:scripting/monoscript/fileName/DeltaStateEvent.cs: af7845327b744d1496e77475c17d3b0d -> 
  custom:scripting/monoscript/fileName/IUnityThreadUtils.cs: 09e8ec6b5955782b75f75b287fbd41f1 -> 
  custom:scripting/monoscript/fileName/InputControlExtensions.cs: ae0219bac3a6c7734d164606a5ed0820 -> 
  custom:scripting/monoscript/fileName/Sse.cs: 790f25d56fba1e7a48c0a0766c0ad6a6 -> 
  custom:scripting/monoscript/fileName/SpritePolygonModeModuleView.cs: db8ddbee5a89c636987047f4602001ef -> 
  custom:scripting/monoscript/fileName/DataPrivacy.cs: a72a17b5114fc0c4e92d4a3743676c9d -> 
  custom:scripting/monoscript/fileName/IConfigurationLoader.cs: 2906069c8520611bdd1356369b0a29f4 -> 
  custom:scripting/monoscript/fileName/PostProcessBundle.cs: f610f855c8ae8b896b5084e85ede373e -> 
  custom:scripting/monoscript/fileName/TilemapEditorToolPreferencesAsset.cs: 42733c664a418dc96e6676ab6a569041 -> 
  custom:scripting/monoscript/fileName/TileDragAndDropHoverData.cs: 7ec3eb6fae482fe5e6eca733189b11c1 -> 
  custom:scripting/monoscript/fileName/ScreenSpaceReflectionsEditor.cs: 59c13ba25de6098e70bafe8be94f609a -> 
  custom:scripting/monoscript/fileName/ExtendedPointerEventData.cs: f800ca056555c185c05f28019e4b9518 -> 
  custom:scripting/monoscript/fileName/IWire.cs: 30c1d87985bae6279501282a5e19ad84 -> 
  custom:scripting/monoscript/fileName/OneOrMore.cs: 0cdf409b5aa8d4c25876d72b5c6a3b60 -> 
  custom:scripting/monoscript/fileName/InputActionsEditorState.cs: 9c2d2b953287750cf3bc8825bd3badd7 -> 
  custom:scripting/monoscript/fileName/EditorHelpers.cs: 81940e335eab58234b9686a9affe7007 -> 
  custom:scripting/monoscript/fileName/UnityGetEnvironments200Response.cs: 337f99d16b0b96efb2206d69acad4db0 -> 
  custom:scripting/monoscript/fileName/UnityListProjects200Response.cs: 428e859b4396ae3112aa4ecacae32fbf -> 
  custom:scripting/monoscript/fileName/AxisControl.cs: 68b436317dff8e5185c81d8673960fc4 -> 
  custom:scripting/precompiled-assembly-types:Unity.Services.Core.Environments.Editor: af3b9d0f3823f38d1d2cc22aa83bd019 -> 
  custom:scripting/monoscript/fileName/SavedState.cs: 56a12a9cddf9ae7c17f0f2e9ce84e15c -> 
  custom:scripting/monoscript/fileName/SpriteEditorData.cs: 79e0d970ecf11ef3020398e38672548f -> 
  custom:scripting/monoscript/fileName/CorePackageInitializer.cs: 829d217bce271cb9c1fa63d564b476ec -> 
  custom:scripting/monoscript/fileName/OperatePackageVersionConfigProvider.cs: 67b4bf8d5d449d0353b963ad0e103a72 -> 
  custom:scripting/monoscript/fileName/uint2.gen.cs: f442e48493395c3c057fa324c1ed7700 -> 
  custom:scripting/monoscript/fileName/EnvironmentNotFoundException.cs: 8f8ecf9219a7a93736afa67d923d561a -> 
  custom:scripting/monoscript/fileName/AssemblyResolver.cs: d02bbd84bf24106c236ab13c6c3d719f -> 
  custom:scripting/monoscript/fileName/iOSStepCounter.cs: 2c61d0bc46d04bce2f6762804671c954 -> 
  custom:scripting/monoscript/fileName/float2x3.gen.cs: dd8be2164b904b64628efafb474868f4 -> 
  custom:scripting/monoscript/fileName/cellular2x2x2.cs: 2eb29bf877494e27d7b8d68303a33727 -> 
  custom:scripting/monoscript/fileName/IEnvironmentsApi.cs: 10309d62b29707db950e5d0457e82d84 -> 
  custom:scripting/monoscript/fileName/matrix.cs: 17bd875ecbf69296bc7f1415237b5bf7 -> 
  custom:scripting/monoscript/fileName/PickingTool.cs: ad2b06cfab7c0bf6799fc818866d02f2 -> 
  custom:scripting/monoscript/fileName/TilePaletteSaveUtility.cs: 9b7daaeade8b211f6fee80816fcd7e41 -> 
  custom:video-encoder-webm-vp8: eb34c28f22e8b96e1ab97ce403110664 -> 
  custom:scripting/monoscript/fileName/SerializedInputActionMap.cs: e95d2d4c78a3c4d8a469e16dec186e8f -> 
  custom:scripting/monoscript/fileName/DependencyTreeInitializeOrderSorter.cs: 398a0f081d411379f31bc2eb52bbbd21 -> 
  custom:scripting/monoscript/fileName/Sse4_2.cs: 550ccd401d2d76d5e362c6ec284ceeaa -> 
  custom:scripting/monoscript/fileName/Locale.cs: 88225024378b0ff37d76552944ad1a3c -> 
  custom:scripting/monoscript/fileName/UserRoleRequest.cs: 8307bdf9d05c66d6ad5318e52408710f -> 
  custom:scripting/monoscript/fileName/InputControlLayoutAttribute.cs: 8a00dd4a575a7b549eada1a6489a8652 -> 
  custom:scripting/monoscript/fileName/IInputStateTypeInfo.cs: cea8b54e443ea633a8182d334b401856 -> 
  custom:scripting/monoscript/fileName/IInputUpdateCallbackReceiver.cs: ba48e6e35145b7f1ac3afdd775575522 -> 
  custom:scripting/monoscript/fileName/TextEvent.cs: 76acc414d4175dd733571757e9b97806 -> 
  custom:scripting/monoscript/fileName/cellular3D.cs: 2eb29bf877494e27d7b8d68303a33727 -> 
  custom:scripting/monoscript/fileName/GridSelectionRotationTool.cs: 034710c503c59a634a73a03fd24dd739 -> 
  custom:scripting/monoscript/fileName/TokenExchange.cs: bbd1ed03e8e3970b0887123f043469e1 -> 
  custom:scripting/monoscript/fileName/HttpRequestExtensions.cs: 35b1178ed1fd55cb1029b0abb50d01fc -> 
  custom:scripting/monoscript/fileName/InputActionPropertiesView.cs: 87bb23a03865ebab6df4302eab03f8f8 -> 
  custom:scripting/monoscript/fileName/RuntimeUtilities.cs: 76964d36e50cc48cfa29643bdde8d9a5 -> 
  custom:scripting/monoscript/fileName/QueryPairedUserAccountCommand.cs: 7c1bc8fc23b5eb9e494267177f02f139 -> 
  custom:scripting/monoscript/fileName/UnityGetUserPermissions200Response.cs: 7fdf29503cc5301312d984f2af06eb45 -> 
  custom:scripting/monoscript/fileName/UserRoleClient.cs: 7cb9a24ca4555e83cb355dad138297b5 -> 
  custom:scripting/monoscript/fileName/InputActionDrawer.cs: 9b483107b0ea7770f76a7cdd6ff316d0 -> 
  custom:scripting/monoscript/fileName/EnvironmentIdentifier.cs: 39ee00a0ac13884055f18f6371bacd6d -> 
  custom:scripting/monoscript/fileName/EnvironmentsConstants.cs: 24e9760363ef695978ba684e5d610a82 -> 
  custom:scripting/monoscript/fileName/InputSystemWidget.cs: 8f101911900fd5c78c807da3e1c794a8 -> 
  custom:scripting/monoscript/fileName/NEON.cs: 68ba95faf7f0f0403852fb6af2a2f956 -> 
  custom:scripting/monoscript/fileName/CircularDependencyException.cs: d18ff671dcc1259992ffc320a2699238 -> 
  custom:scripting/monoscript/fileName/bool3x4.gen.cs: dd64119ecce8747c9d345fc62ed63bff -> 
  custom:scripting/monoscript/fileName/IReadOnlyObservable.Gen.cs: 90647cc400823b41df847a6cbfc29026 -> 
  custom:scripting/monoscript/fileName/EditorPlayerSettingHelpers.cs: e9960188ed6c5b949b993e59ce59ce87 -> 
  custom:scripting/monoscript/fileName/BoolFieldOverlayPopupWindow.cs: 25281e84d45ea134dccf87aa853796bf -> 
  custom:scripting/monoscript/fileName/Bloom.cs: 6f6d579a64201b97313a62a1e91b3575 -> 
  custom:audio-decoder-ogg-vorbis: bf7c407c2cedff20999df2af8eb42d56 -> 
  custom:scripting/monoscript/fileName/GridPaintPaletteWindow.cs: 1d497ecc185c46bb1043a6ede8ff1c0f -> 
  custom:scripting/monoscript/fileName/SpriteEditorWindowSettings.cs: 8e59c26ada2085b3ebaa83fd01af70e3 -> 
  custom:scripting/monoscript/fileName/CommonUsages.cs: 18408d7225731f5f7bf0e3a3ad47e27f -> 
  custom:scripting/monoscript/fileName/int2x3.gen.cs: 377af658550da76bc0efa7c5a755eb90 -> 
  custom:scripting/monoscript/fileName/ProjectBindRedirectPopupUI.cs: e3fb92bd3ee82c9407053c4d3860bb4f -> 
  custom:scripting/monoscript/fileName/TilePaletteElement.cs: 821f71de4b61685d39463a4a06a9c842 -> 
  custom:scripting/monoscript/fileName/InputActionEditorWindow.cs: d816d0a0ae0bbd4b2c24dac346fdb60a -> 
  custom:scripting/monoscript/fileName/InputAnalytics.cs: d10dc11fc330af7da15a71368093a902 -> 
  custom:scripting/monoscript/fileName/AutoExposure.cs: 0e7c21b17f53209ee8c5c61ab59d7835 -> 
  custom:scripting/monoscript/fileName/TileDragAndDropManager.cs: a1e23a7638297e1dda515dc0e84bf55a -> 
  custom:scripting/monoscript/fileName/Avx.cs: 790f25d56fba1e7a48c0a0766c0ad6a6 -> 
  custom:scripting/monoscript/fileName/SpriteFrameModuleBaseView.cs: 72abaa53c3c1184e23d4d9a45f62d8c2 -> 
  custom:scripting/monoscript/fileName/MoveTool.cs: 3e41e228f8fb535351f8fd508c5d7aa6 -> 
  custom:scripting/monoscript/fileName/CloudEnvironmentConfigProvider.Gen.cs: 5a0c9bc3528e508605862cace6052ab9 -> 
  custom:scripting/monoscript/fileName/ScheduledInvocationComparer.cs: 83106d0c8c6b049feeaa7bc89351f333 -> 
  custom:scripting/monoscript/fileName/ExternalUserId.cs: 838ec18be418bafff07b93f14174c00c -> 
  custom:scripting/monoscript/fileName/VectorscopeMonitor.cs: cb70c6437b976f01b752cd219cc47f32 -> 
  custom:scripting/monoscript/fileName/TypeTable.cs: a6a17e2e95c02f50895f3adeb936d7ed -> 
  custom:scripting/monoscript/fileName/LinkFileGenerator.cs: 2f2c64524b5aa89c8b6b768e28de537b -> 
  custom:scripting/monoscript/fileName/SelectTool.cs: 51558befbff43680f5a337c7469e3a7b -> 
  custom:scripting/monoscript/fileName/DefaultApi.cs: 1d4ada5f7be42c3459105e8a4ff7befa -> 
  custom:scripting/monoscript/fileName/UnityServicesBuilder.cs: 2c873918180573f10abfeda6ebefa0f9 -> 
  custom:scripting/monoscript/fileName/AdvancedDropdownGUI.cs: 207e6d663a15858e0a112d6acb1b7040 -> 
  custom:scripting/monoscript/fileName/InputExitPlayModeAnalytic.cs: 08b66bb3d68a1cb68842bf257189ad8a -> 
  custom:scripting/monoscript/fileName/MultiTapInteraction.cs: 84287a69790c19af273393c4356ab542 -> 
  custom:scripting/monoscript/fileName/TilePalettePrefabUtility.cs: 81c112f431eead6c17358b4dc7196dd1 -> 
  custom:scripting/monoscript/fileName/InputControlAttribute.cs: b5a64d55a813f6d1227b56436c59c015 -> 
  custom:scripting/monoscript/fileName/EnvironmentAnalytics.cs: df86ce352df40dfa102b41458fb9f770 -> 
  custom:scripting/monoscript/fileName/AdvancedDropdownItem.cs: e6f1b87cfdf3b7e725137f6813d17509 -> 
  custom:scripting/monoscript/fileName/InputDeviceCommand.cs: d588e191d7cda05d4a0288a8ee1147ba -> 
  custom:scripting/monoscript/fileName/DualShockGamepadHID.cs: 3c5ed97f9b3e5e626f6f09a9f7393581 -> 
  custom:scripting/monoscript/fileName/ServiceRegistry.cs: 9f2f77edf09fc4d5ffdc5ae250d852d2 -> 
  custom:scripting/monoscript/fileName/SerializedInputAction.cs: ac09820fb14218836063aface396c2da -> 
  custom:scripting/monoscript/fileName/EnvironmentAnalyticsSender.cs: 8bcdd72c4f4f7ba6fed9617ecb7e992f -> 
  custom:scripting/monoscript/fileName/DisplayStringFormatAttribute.cs: c3a032e117cd328db2f0cf4598514a4e -> 
  custom:scripting/monoscript/fileName/ReadOnlyHttpResponse.cs: cb67b795f50400334c6da0e8ef76361d -> 
  custom:scripting/monoscript/fileName/Popcnt.cs: 790f25d56fba1e7a48c0a0766c0ad6a6 -> 
  custom:scripting/monoscript/fileName/ScheduledInvocation.cs: 6dd46403260fc3e01309ae7e636c0e8a -> 
  custom:scripting/monoscript/fileName/UnityProjectNotLinkedException.cs: fffb6126e50500c8c570125732d06308 -> 
  custom:scripting/precompiled-assembly-types:Unity.VisualScripting.Flow: 46deac4d725cd5533a30567fe76285a4 -> bc99c07bfe2ca209f1879006fb72d2cd
  custom:scripting/monoscript/fileName/IInputControlPickerLayout.cs: be294e73c659279f0b3a534655ea4322 -> 
  custom:scripting/monoscript/fileName/Ssse3.cs: 790f25d56fba1e7a48c0a0766c0ad6a6 -> 
  custom:scripting/monoscript/fileName/ServicesInitializationException.cs: 905c414eaf6bb9e99e87b7be57e80385 -> 
  custom:scripting/monoscript/fileName/TilePaletteActivePaletteDropdownMenu.cs: a47d79fd3aaf47be319da9214e3a9bb3 -> 
  custom:scripting/monoscript/fileName/PropertySheetFactory.cs: cfc4667cc03e44252fafe18d99f24b25 -> 
  custom:scripting/monoscript/fileName/HIDParser.cs: 5e6b09e173e9593382d5e79e226d6494 -> 
  custom:scripting/monoscript/fileName/CoreRegistry.cs: f8cefd7d8b5109f3c61c0ba5ed06a2ed -> 
  custom:scripting/monoscript/fileName/EditorUtilities.cs: 53a52fb113757c42f9c516115bd845ca -> 
  custom:scripting/monoscript/fileName/Configuration.cs: 4d19c1da7f614cc93468a9d05d08dc7d -> 
  custom:scripting/monoscript/fileName/ProductionTokenExchangeUrls.cs: d51f7b5f35d9e0171f3c69e63ce67736 -> 
  custom:scripting/monoscript/fileName/InputActionTreeView.cs: f3d84e564140a344e0a57a9232bf0ccb -> 
  custom:scripting/monoscript/fileName/InvalidJwtException.cs: 44c6d327479bc7179514ecd464e65b5b -> 
  custom:scripting/monoscript/fileName/TransactionFailedEvent.cs: cad404479baaf9665e6c3a63a715cdbc -> 
  custom:scripting/monoscript/fileName/IProjectStateRequest.cs: 27b27df4e3b68078a5908d7df6fce95f -> 
  custom:scripting/monoscript/fileName/double2x4.gen.cs: 685c5fa921181be1c5c2624181389ad3 -> 
  custom:scripting/monoscript/fileName/TilePaletteActiveTargetsPopup.cs: c19a5ac974961902d5fcecf1d440b17a -> 
  custom:scripting/monoscript/fileName/WindowsMR.cs: 1bb4de47cfd939e21ec4f06c3d56a563 -> 
  custom:scripting/monoscript/fileName/HaltonSeq.cs: a7590e55d6fae5328a1c395a2473d0cf -> 
  custom:scripting/monoscript/fileName/NameAndParameterListView.cs: 95bddb736514603e46d742676b9fb05f -> 
  custom:scripting/monoscript/fileName/ILPostProcessingLegacy.cs: 1474151453fb056da8fe50e6cda891db -> 
  custom:scripting/monoscript/fileName/IEditorGameServiceEnabler.cs: 9ba91e68464ed1031653bae083d9cbd8 -> 
  custom:scripting/monoscript/fileName/ReactiveProperty.cs: 90647cc400823b41df847a6cbfc29026 -> 
  custom:scripting/monoscript/fileName/IAssetDatabase.cs: c40b958675a6cd5b519fa6ca497fede4 -> 
  custom:scripting/monoscript/fileName/SpriteUtilities.cs: 5c000e635950e4b0a960602df9fe8ffb -> 
  custom:scripting/monoscript/fileName/uint4.gen.cs: 39973cd09553f87c6828ba478621c98d -> 
  custom:scripting/monoscript/fileName/InputEventBuffer.cs: 33cbaee6508a09a49b071c485ac9102d -> 
  custom:scripting/precompiled-assembly-types:Unity.Mathematics.Editor: 067e2f26d70b07279a04fc60a0f0bbd6 -> 
  custom:scripting/monoscript/fileName/AnalyticsServiceInstance.cs: 99c5f9e10648a05fb8d7c201430928a2 -> 
  custom:scripting/monoscript/fileName/IDebugTools.cs: b9f6fd038aa0f8ee8bd2b620d3edcaa5 -> 
  custom:scripting/monoscript/fileName/MinAttribute.cs: a3e7473301291585f4cca024ce307406 -> 
  custom:scripting/monoscript/fileName/XmlLinkedType.cs: 879123e42892f87010bef78e341312d0 -> 
  custom:scripting/monoscript/fileName/GridPaletteEditor.cs: 9ca70426b6bdbb830263d2f1b512a658 -> 
  custom:scripting/monoscript/fileName/EnvironmentService.cs: 22bbc46856bf7062678eb8e6e54cf9a2 -> 
  custom:scripting/monoscript/fileName/cellular2D.cs: 2eb29bf877494e27d7b8d68303a33727 -> 
  custom:scripting/monoscript/fileName/EditorGameServiceDashboardHelper.cs: ea8538090dcae2327f4c15e2ca056258 -> 
  custom:scripting/monoscript/fileName/SpriteFrameModule.cs: f07011b3ec3622062bef733dc29fedf0 -> 
  custom:scripting/monoscript/fileName/InputSystemObject.cs: 9663811dbe13b672cf3c5764a9482504 -> 
  custom:scripting/monoscript/fileName/DeserializationException.cs: 76d207fdb77fb9b4f630a482f86ccf1d -> 
  custom:scripting/monoscript/fileName/StateEvent.cs: ecd22adce780bc400b70e46370003b20 -> 
  custom:scripting/monoscript/fileName/TilePaletteBrushPanelButton.cs: 2a4d4194710daaf7059f8f324842178b -> 
  custom:scripting/monoscript/fileName/ShapeEditorRectSelection.cs: 1696d724b33ef6168949bbdce78d19c6 -> 
  custom:scripting/monoscript/fileName/EditorInputControlLayoutCache.cs: aa10f55e68ca82913364b6b44aa7f461 -> 
  custom:scripting/monoscript/fileName/TilePaletteBrushInspectorPopup.cs: bae9f2c04afcee02fd74cc185afc7936 -> 
  custom:scripting/monoscript/fileName/double2x3.gen.cs: 2fbeb18c538397a8260f5c41cab0741e -> 
  custom:scripting/monoscript/fileName/InputActionImporterEditor.cs: 0050b2eb2bc3d87733c8c96c41de610b -> 
  custom:scripting/monoscript/fileName/TextureImporterDataProviderImplementation.cs: ffb9fda6ca225aa106e9fa84455f4e60 -> 
  custom:scripting/monoscript/fileName/InputActionMapsTreeViewItem.cs: 425503710f1dcd4bb1b533f0ab2edde6 -> 
  custom:scripting/monoscript/fileName/JsonObject.cs: 9ceeaef7b0ccbe23e282545eff3ff92a -> 
  custom:scripting/monoscript/fileName/ApplyRevertChangeTracker.Gen.cs: 90647cc400823b41df847a6cbfc29026 -> 
  custom:scripting/monoscript/fileName/InputEventTrace.cs: 6b04dbd582208bc1f6bf78a5481b91e2 -> 
  custom:scripting/monoscript/fileName/TilePaletteBrushesDropdownToggle.cs: c496745875bd2dedf400d11fa8d2a39c -> 
  custom:scripting/monoscript/fileName/CollectionExtensions.Gen.cs: aff9dee80b4292d09c09f3acd69a3289 -> 
  custom:scripting/monoscript/fileName/ExpressionUtils.cs: 013fd47e1c2b83228144928557c1ba49 -> 
  custom:scripting/monoscript/fileName/DualMotorRumble.cs: a5c6abaf1032f7b942e62506711d90ba -> 
  custom:scripting/monoscript/fileName/IComponentRegistry.cs: 31dc7d917392108590a76b6f7b8e718f -> 
  custom:scripting/monoscript/fileName/WebGLJoystick.cs: a371b63b19b599ea436e51a8622ae305 -> 
  custom:scripting/monoscript/fileName/IEditorGameService.cs: faa7656610bf6f8463e95c403d6c6e6c -> 
  custom:scripting/monoscript/fileName/DepthOfField.cs: d62178d8b5619f59fcdd6d24617ef5fd -> 
  custom:scripting/monoscript/fileName/InputActionPropertyDrawer.cs: 1e9f491c8d917679b83dc973bad25d5d -> 
  custom:scripting/monoscript/fileName/int3x4.gen.cs: 8460bfcadb3ac350c26daa6b9595294c -> 
  custom:scripting/monoscript/fileName/HttpException.cs: f6827940c1f3397a3e9f5ed27d96f36c -> 
  custom:scripting/monoscript/fileName/IPackageRegistry.cs: 7ed9d4b5a0ae537ff629f057cfa10e76 -> 
  custom:scripting/monoscript/fileName/ButtonControl.cs: 5be55aef70c0999215c87b2ebada03bb -> 
  custom:scripting/monoscript/fileName/noise4D.cs: 2eb29bf877494e27d7b8d68303a33727 -> 
  custom:scripting/monoscript/fileName/psrdnoise2D.cs: 2eb29bf877494e27d7b8d68303a33727 -> 
  custom:scripting/monoscript/fileName/EnvironmentSettings.cs: e2b98ee836b42374bfa16506e47055ce -> 
  custom:scripting/monoscript/fileName/FlipTool.cs: 57a6cd18545afdc27969bc68fde89cb1 -> 
  custom:scripting/monoscript/fileName/RemoteInputPlayerConnection.cs: 959b7c9f720d36172770da64f623d8a3 -> 
  custom:scripting/monoscript/fileName/BurstILPostProcessor.cs: caa97838ab13c1add4a98ae3f9820b7e -> 
  custom:scripting/monoscript/fileName/F16C.cs: 790f25d56fba1e7a48c0a0766c0ad6a6 -> 
  custom:scripting/monoscript/fileName/BloomEditor.cs: c341bb26b40744c3a5c2a142ac3e1051 -> 
  custom:scripting/monoscript/fileName/TransactionCurrencyConverter.cs: a7a7e6d4699e44fb5e8c4c17c9beaa72 -> 
  custom:scripting/monoscript/fileName/InputTestFixture.cs: 181611a46cb4c283f37619a2028086ab -> 
  custom:scripting/monoscript/fileName/IAnalyticsStandardEventComponent.cs: cf50b12809cbeb8dcfefaee612a9c090 -> 
  custom:scripting/monoscript/fileName/Dialog.cs: d20d941f15df54e181f8fbbfe2608e91 -> 
  custom:scripting/monoscript/fileName/TilePaletteMouseCursorUtility.cs: 684f600f1129c3cb4df290f4bc53b930 -> 
  custom:scripting/monoscript/fileName/ServiceProvider.Gen.cs: fb28411e62c1911933783faa92ae27e4 -> 
  custom:scripting/monoscript/fileName/Joystick.cs: 1a1d9a9cba7940fed9939f7306abee3f -> 
  custom:scripting/monoscript/fileName/IChannel.cs: db8ed6536767d05dc3fe7251f4a4dcd3 -> 
  custom:scripting/monoscript/fileName/AdvancedDropdownState.cs: f58f4f7e4985491ab3d781ef1400a71e -> 
  custom:scripting/monoscript/fileName/GridPaintingToolbar.cs: 71eec3aa936c54c332bdeff43f265da8 -> 
  custom:scripting/monoscript/fileName/IAsyncOperation.cs: f56289e88c7dcb628d7e5619c74e7538 -> 
  custom:scripting/monoscript/fileName/EnableIMECompositionCommand.cs: 442c712f29199433589d44a5aa77b265 -> 
  custom:scripting/monoscript/fileName/Selectors.cs: e42dc71d7f6a9fdd4b196faa95c8ef7c -> 
  custom:scripting/monoscript/fileName/IXboxOneRumble.cs: 1ff76612acedabce48adac10ccc4ff22 -> 
  custom:scripting/monoscript/fileName/XmlLinkerModel.cs: d4c2817476b9b278a7b7808d61032596 -> 
  custom:scripting/monoscript/fileName/QuaternionDrawer.cs: 11323f18a038f5e869f0b55e53c54a31 -> 
  custom:scripting/monoscript/fileName/Persistence.cs: 7f2727d572a63ad0fa041e198ad8fb99 -> 
  custom:scripting/monoscript/fileName/InputSettingsBuildProvider.cs: 5d0bda9b4dc3704476fdb73c6130f785 -> 
  custom:scripting/monoscript/fileName/DebugPanelController.cs: 8f6fa895bccc6999e5a5f88986ad7643 -> 
  custom:scripting/monoscript/fileName/EnvironmentServiceExtensions.cs: ac6a6c148393eb9a5f8fb75c98af0cdb -> 
  custom:scripting/monoscript/fileName/Mouse.cs: 51f1aeae346f8ba35ce1eae4cd718ea3 -> 
  custom:scripting/monoscript/fileName/IMECompositionEvent.cs: 17f069477bc4d20ba49d87cb5179ba0d -> 
  custom:scripting/monoscript/fileName/NameAndParameters.cs: 2a9078e35e9bfc491ba2ffb3455b3236 -> 
  custom:scripting/monoscript/fileName/WaveformMonitor.cs: 609651ee3f98f206575f684e9cce655d -> 
  custom:scripting/monoscript/fileName/IOrganizationHandler.cs: f8b346f72bb06934d5f47a4eb5bf2f52 -> 
  custom:scripting/monoscript/fileName/Metrics.cs: ff969a3864869c6435b83c963d65cf34 -> 
  custom:scripting/monoscript/fileName/BurstAssemblyDisable.cs: b6ce5635cda12e16b9d3052a32a53ef4 -> 
  custom:scripting/monoscript/fileName/IVivoxTokenProviderInternal.cs: 8f6eac73831e2d88349c636e0c8277cf -> 
  custom:scripting/monoscript/fileName/HableCurve.cs: f244b24d6e7c556a2de06e25b0bbf4c1 -> 
  custom:scripting/monoscript/fileName/AdvancedDropdown.cs: fa69d35a411c6393fda2fd8d798192e5 -> 
  custom:scripting/monoscript/fileName/XmlLinkedField.cs: 58331cd1e1b9bc9099ae07f125c40794 -> 
  custom:scripting/monoscript/fileName/AdvancedDropdownWindow.cs: 235b2f05f0f17c166eb77c8d57102337 -> 
  custom:scripting/monoscript/fileName/DeltaControl.cs: 6b397435e9b765e741337a7982e0568f -> 
  custom:scripting/monoscript/fileName/common.cs: 2eb29bf877494e27d7b8d68303a33727 -> 
  custom:scripting/monoscript/fileName/IRetryPolicy.cs: 39863b88ffafe612940e6739cfece6fc -> 
  custom:scripting/monoscript/fileName/InputSettingsiOS.cs: eec21a0f4c50ceb1dd70fcff7ed2d8ce -> 
  custom:scripting/monoscript/fileName/InstallationId.cs: 5a83a3939f92e5bc55c8a90ccbe27d51 -> 
  custom:audio-encoder-webm-vorbis: bf7c407c2cedff20999df2af8eb42d56 -> 
  custom:scripting/monoscript/fileName/uint2x2.gen.cs: ef58eafb69337704525106c30b2f9c86 -> 
  custom:scripting/monoscript/fileName/GridSelectionTool.cs: e3b447b578d18e550e3fd09eb4616407 -> 
  custom:scripting/monoscript/fileName/PropertiesViewBase.cs: ab4a9abc2367374ef408b77c20b6af94 -> 
  custom:scripting/monoscript/fileName/GUIHelpers.cs: 60ae23a9fa510a6b46396be7f79ede40 -> 
  custom:scripting/monoscript/fileName/TilePaletteActiveTargetsDropdownMenu.cs: 4c73999c1bc87ae86dc4336104c225a9 -> 
  custom:scripting/monoscript/fileName/DiscreteButtonControl.cs: dfa90d972c30096c4f7b7c1be2abf41d -> 
  custom:scripting/monoscript/fileName/BurstString.Float.cs: f7cf2d4ac32cd23a2133a777bc8e9bdf -> 
  custom:scripting/monoscript/fileName/UnityWebRequestUtils.cs: f709ddaaeb44d62e1a53fe224983d54c -> 
  custom:scripting/monoscript/fileName/QueryDimensionsCommand.cs: 9dede612b2efbec178dc9289429b384b -> 
  custom:scripting/monoscript/fileName/DependencyTree.cs: 0bd2915409b5c0af8089da1663502e47 -> 
  custom:scripting/monoscript/fileName/float3x3.gen.cs: 48f350102ac697de2455487383306e62 -> 
  custom:scripting/monoscript/fileName/DoubleControl.cs: 0e8ba0ca87f759d63baeef89535dfd87 -> 
  custom:scripting/monoscript/fileName/BurstCompilerOptions.cs: 462794c2cc7370a72a60909850bd4bd6 -> 
  custom:scripting/monoscript/fileName/QueryKeyboardLayoutCommand.cs: 202a87fda801e4aee6e91befbd89e701 -> 
  custom:scripting/monoscript/fileName/SpriteUtilityWindow.cs: 4827aafd0c4d893166845eac1266c4ed -> 
  custom:scripting/monoscript/fileName/AnalyticsEditorGameService.cs: abf31bf0cff9d357c8a82164f2aa3a5a -> 
  custom:scripting/monoscript/fileName/float2.gen.cs: 6120954cdb3e1af6bb1e798ca56424e4 -> 
  custom:scripting/monoscript/fileName/AsyncOperation.cs: f23cc551eab7049146420a4196093425 -> 90647cc400823b41df847a6cbfc29026
  custom:scripting/monoscript/fileName/PropertySheet.cs: e6bb03169eca9d33ea794a47ad6ce213 -> 
  custom:scripting/monoscript/fileName/bool3x3.gen.cs: f3dd982fcc1d0b33ec635c43c306a1b8 -> 
  custom:scripting/monoscript/fileName/LongTextArea.cs: 4c687402ecd5f2af3a470023aff89eca -> 
  custom:scripting/monoscript/fileName/SpriteFrameModuleBase.cs: 82472910b376b3c28a6f5b31b28f5f51 -> 
  custom:scripting/monoscript/fileName/InputStateHistory.cs: 9771bbe5c5afd534a9dc0f8e8f60ae99 -> 
  custom:scripting/monoscript/fileName/BurstDisassembler.Core.LLVMIR.info.cs: b15d06942db1ac71042be253eef84e7f -> 
  custom:scripting/monoscript/fileName/TreeViewHelpers.cs: cf522364eff518ecfcf0cf468392474e -> 
  custom:scripting/monoscript/fileName/InputValue.cs: 5e873095f1f8f449ce71f7ae265ebfc7 -> 
  custom:scripting/monoscript/fileName/NEON_AArch64_dotprod.cs: 68ba95faf7f0f0403852fb6af2a2f956 -> 
  custom:scripting/monoscript/fileName/ServiceInstallationListener.cs: 4f550d886426ad05d9cb021f02f3b5c8 -> 
  custom:scripting/monoscript/fileName/WebRequestHelper.cs: 681b99f9e0ddb69e8aaea84d3a2cbc42 -> 
  custom:scripting/monoscript/fileName/InputActionParameters.cs: 8ec6cd02063bce29fc5f16aa6f97020d -> 
  custom:scripting/monoscript/fileName/CollectionViewSelectionChangeFilter.cs: 38c30ec27f655b0e53e3afb545bfdcd0 -> 
  custom:scripting/monoscript/fileName/SerializedInputBinding.cs: c0ca94fdd39759a4865dd4164e3a4463 -> 
  custom:scripting/monoscript/fileName/UnityAddressV1.cs: 4d4ba30b341c7e72810f3c36b5914fa5 -> 
  custom:scripting/monoscript/fileName/ViewBase.cs: c8d9a7371cb158bcc2bceb745c13d0a9 -> 
  custom:scripting/monoscript/fileName/IGatewayTokens.cs: af8d58613a9fd459a444ee8b327072b0 -> 
  custom:scripting/monoscript/fileName/TargetPool.cs: 6d29560228134c933c12fb1c113fb6ef -> 
  custom:scripting/monoscript/fileName/ConfigurationUtils.cs: e57894058b136700ef3ea680c0b15031 -> 
  custom:scripting/monoscript/fileName/BurstStringSearch.cs: 69d0ecca394873c1593eee16bae2761c -> 
  custom:scripting/monoscript/fileName/InputActionEditorToolbar.cs: 862861ded96be9597dde3c6213c9500e -> 
  custom:scripting/monoscript/fileName/double4x2.gen.cs: 530f8410a1ca9a96d8c16e723573cfae -> 
  custom:scripting/monoscript/fileName/VirtualMouseInputEditorAnalytic.cs: 5bad7c7824ca6434fb5ed4f492a77bb4 -> 
  custom:scripting/monoscript/fileName/InputSystemUIInputModule.cs: 7c711937d8f4dbfd5b13401c6051fc58 -> 
  custom:scripting/monoscript/fileName/PackageConfig.cs: 6c65665380cc70d71f22e981e56d92cf -> 
  custom:scripting/monoscript/fileName/LogHistogram.cs: bab913d888834a1a8572eb834acec97c -> 
  custom:scripting/monoscript/fileName/ScreenSpaceReflections.cs: 8afa07200328ddfcb2536d4180c62536 -> 
  custom:scripting/monoscript/fileName/IInputDiagnostics.cs: ea6330d075ac249db017e93904b1906b -> 
  custom:scripting/monoscript/fileName/IInitializablePackage.cs: 7a2afaa327b6f2c8c3b73c00855d936d -> 
  custom:scripting/monoscript/fileName/GridPaintTargetsDropdown.cs: 1a02fee05143bec519533f49a8d1bebc -> 
  custom:scripting/monoscript/fileName/InputActionsEditorSettingsProvider.cs: 60ec5e41a6b2eeaee6d8b7be7ea7ce4b -> 
  custom:scripting/monoscript/fileName/ArrayHelpers.cs: 7478d3b887e0c3afe312a1585d7ab77d -> 
  custom:scripting/monoscript/fileName/InputControlPath.cs: bc2fac94a36cbab9b49a74e253baa4f5 -> 
  custom:scripting/monoscript/fileName/AnalyticsOptionsExtensions.cs: 61b53e23187fa8065622d09b0f304596 -> 
  custom:scripting/monoscript/fileName/UnityOrganizationMemberV1.cs: 29203c4e087d3ba2203081bd2717405e -> 
  custom:scripting/monoscript/fileName/UnityServices.cs: 53288f4d4ff1211eb125ba005d646505 -> 
  custom:scripting/monoscript/fileName/DynamicBitfield.cs: 340e19ce1cb6f81a8185cbb2bbc79160 -> 
  custom:scripting/monoscript/fileName/CompensateDirectionProcessor.cs: 8b43e411f5b52e59e2993a5277f0d2e2 -> 
  custom:scripting/monoscript/fileName/DeviceRemoveEvent.cs: 33979af4133f057c53fed833232d5335 -> 
  custom:scripting/monoscript/fileName/FastKeyboard.cs: 517b983862044be24636f4f20b4c6b8c -> 
  custom:scripting/monoscript/fileName/EditorGameServiceAnalyticsSender.cs: f578bf9cf78d5f56704a18cd36c88f9f -> 
  custom:scripting/monoscript/fileName/IAccessToken.cs: 359704d6f9862ce7f7142f3c9f3827a0 -> 
  custom:scripting/monoscript/fileName/OSXSupport.cs: 63316ac61e481390e31b5b83b851ef9a -> 
  custom:scripting/precompiled-assembly-types:Unity.Services.Core.Scheduler: c5a24b90c03f14c29ba6bebda52c3c14 -> 
  custom:scripting/monoscript/fileName/VisualElementHelper.cs: 0b84949c228ae121ca9bc47ce2ce3ccc -> 
  custom:scripting/monoscript/fileName/SendHapticImpulseCommand.cs: f861e3878e1b38fdc5e7357d87264e9e -> 
  custom:scripting/precompiled-assembly-types:Assembly-CSharp: 66ff1187f0117e2f0b29ead68a387120 -> 16de4a5b31243163fd94df14e10ee883
  custom:scripting/monoscript/fileName/CompensateRotationProcessor.cs: d5a3722c29051a4adb0efee7e4989a0c -> 
  custom:scripting/monoscript/fileName/InputAction_DirectConverter.cs: 10397d04d305c6e7d90b09edbb081ce9 -> 
  custom:scripting/monoscript/fileName/CurveEditor.cs: f5e872b2a5a6427a1785818cb10d95d1 -> 
  custom:scripting/monoscript/fileName/EnvironmentSelector.cs: ac21f39d65ed579595edcbd2c9853105 -> 
  custom:scripting/monoscript/fileName/IAnalyticsUserId.cs: c2cc7c28fd557b3f55cdf068b0502818 -> 
  custom:scripting/monoscript/fileName/DeviceResetEvent.cs: 7e1e07844ad3da9d24238e0ee1f42c17 -> 
  custom:scripting/monoscript/fileName/JsonHelpers.cs: 8837ad713480b6b5528a3b03a0d76fa1 -> 
  custom:scripting/monoscript/fileName/UnityCreateEnvironmentRequest.cs: a9b0f13e8545f9920554463818374956 -> 
  custom:scripting/monoscript/fileName/IInputStateCallbackReceiver.cs: 186de0ed698901e9bd4fe43876d2eb6b -> 
  custom:scripting/monoscript/fileName/InputBindingResolver.cs: 5c7308cba04403c2ec02473a20595c74 -> 
  custom:scripting/monoscript/fileName/DefaultCdnConfiguredEndpoint.cs: 624837102d8bef2a2323b0b82727af95 -> 
  custom:scripting/monoscript/fileName/PrimitiveVectorDrawer.cs: 3e4cc385215599322653e09117c642ee -> 
  custom:scripting/monoscript/fileName/ServiceFlagEndpoint.cs: 95ebbb4e72d70a377056cbf3d7a7020c -> 
  custom:scripting/monoscript/fileName/Sse4_1.cs: 790f25d56fba1e7a48c0a0766c0ad6a6 -> 
  custom:scripting/monoscript/fileName/PlayerInputManagerEditor.cs: 373859aaf721662fa2d3a5008109e828 -> 
  custom:scripting/monoscript/fileName/BurstString.cs: f7cf2d4ac32cd23a2133a777bc8e9bdf -> 
  custom:scripting/monoscript/fileName/WebGLGamepad.cs: 38d4094cfcfa00e7b8f84db2e77d746c -> 
  custom:scripting/monoscript/fileName/EventBinding.Gen.cs: 90647cc400823b41df847a6cbfc29026 -> 
  custom:scripting/monoscript/fileName/InputManagerStateMonitors.cs: dea24e3da8b083e8a28641430520c9c0 -> 
  custom:scripting/monoscript/fileName/Scope.Gen.cs: 409412ebac5387d01283cada94af8d59 -> 
  custom:scripting/monoscript/fileName/PostProcessResources.cs: 5089c17a701ba9b714a1f3d25fb9a9b0 -> 
  custom:scripting/monoscript/fileName/InputBindingPropertiesView.cs: c3a43f9e3c4cf814c7eae92d616bfbaf -> 
  custom:scripting/monoscript/fileName/EffectListEditor.cs: 1ecdb4094d9e64024d6eb7725a86197b -> 
  custom:scripting/monoscript/fileName/InputState.cs: aac8577aed515a34370fbda6b0c1e20e -> 
  custom:scripting/monoscript/fileName/ContextMenu.cs: c26c859661bc73a8e573ce4a95753014 -> 
  custom:scripting/monoscript/fileName/SliderToggleUiHelper.cs: 297bb968c6a98e033483e5885bc5e941 -> 
  custom:scripting/monoscript/fileName/ICloudEnvironmentConfigurationProvider.cs: e191e2329b4561db479ad48b7fffb5d7 -> 
  custom:scripting/monoscript/fileName/ILPostProcessing.cs: bf24e0d53d12752a069f04d5a4bfdf42 -> 
  custom:scripting/monoscript/fileName/InputActionAssetIconLoader.cs: 23726eeb638beb583aac96160ce570dc -> 
  custom:scripting/monoscript/fileName/Buffer.cs: e6504a29cf8bd5fdc20171786b56cf2a -> 
  custom:scripting/monoscript/fileName/SpriteFrameModuleView.cs: f07011b3ec3622062bef733dc29fedf0 -> 
  custom:scripting/precompiled-assembly-types:Unity.VisualScripting.Flow.Editor: a9205de5ba5a9c2138f1b5ba0ad4ec3e -> db5f2770bb05e70eb00d2307d36e9057
  custom:scripting/monoscript/fileName/ControlSchemesView.cs: 865ec90c9f6a599aefc64779a5152e77 -> 
  custom:scripting/precompiled-assembly-types:Assembly-CSharp-Editor:  -> 7e78a11eb2a919df47b49c6bdf533d62
